resample,nll_transformer,nll_age_sex,nll_diff,mean_auroc_transformer,mean_auroc_age_sex,mean_auroc_diff,frac_transformer_higher,n_diseases_used
0,5.253960403501523,5.42518366545318,0.17122326195165716,0.7013210637967805,0.648332415167941,0.05298864862883938,0.8649706457925636,511
1,5.244522532944329,5.414718003242824,0.1701954702984958,0.7035853486497331,0.6477151581080742,0.05587019054165892,0.8747553816046967,511
2,5.249975192502963,5.418076150412975,0.16810095791001167,0.7034711824873704,0.6497701660824037,0.05370101640496675,0.8747553816046967,511
3,5.249140831208634,5.419183977652588,0.17004314644395357,0.703465074725517,0.6484385073141319,0.05502656741138515,0.8649706457925636,511
4,5.254076624581634,5.422777836740948,0.16870121215931366,0.7043970196137636,0.6485193362011004,0.05587768341266339,0.8786692759295499,511
5,5.246336888522601,5.413241209263848,0.1669043207412475,0.7019107860114195,0.6492820264126501,0.05262875959876958,0.8551859099804305,511
6,5.251147849680094,5.418823243758116,0.1676753940780218,0.7022301651174974,0.6487964310733335,0.0534337340441637,0.8688845401174168,511
7,5.247006067845007,5.415028044588187,0.1680219767431801,0.7028545081510101,0.6456351710608701,0.057219337090139974,0.87279843444227,511
8,5.240450900241925,5.411101890347467,0.17065099010554263,0.7015376160616069,0.6458483713319664,0.0556892447296406,0.8512720156555773,511
9,5.250104531780293,5.4156330588731585,0.16552852709286547,0.7039047244964712,0.650941921922719,0.05296280257375212,0.8493150684931506,511
10,5.248877050060171,5.4184219095252075,0.16954485946503617,0.6998960606809307,0.6461702533509527,0.053725807329977955,0.8688845401174168,511
11,5.243125481247235,5.411471211427079,0.1683457301798441,0.7056742931229315,0.6507566887247133,0.05491760439821828,0.863013698630137,511
12,5.251241132099149,5.422302505873257,0.17106137377410846,0.7041912993871972,0.6485129060219965,0.05567839336520059,0.8532289628180039,511
13,5.245997826005124,5.414420550271232,0.16842272426610805,0.7015343858307137,0.6482673262826134,0.053267059548100286,0.8454011741682974,511
14,5.253664289486443,5.4229780689878355,0.16931377950139215,0.7028686644215025,0.648892586821646,0.053976077599856606,0.8571428571428571,511
15,5.250166126112859,5.419448134918377,0.16928200880551802,0.7010314927582417,0.6473489921340018,0.05368250062424001,0.8493150684931506,511
16,5.247232763664291,5.417929645206943,0.17069688154265172,0.70240427273597,0.6473337618519708,0.05507051088399921,0.8649706457925636,511
17,5.248153321307103,5.415095801778734,0.16694248047163107,0.7016475350651191,0.6465936128188328,0.055053922246286455,0.8473581213307241,511
18,5.250631285438429,5.4178074631200355,0.16717617768160675,0.7003315865014471,0.648120735825249,0.052210850676198205,0.8454011741682974,511
19,5.25541799420792,5.42317040193665,0.16775240772873,0.7004930311269142,0.6457597211297206,0.05473330999719361,0.8610567514677103,511
20,5.247295508015713,5.417570460942965,0.1702749529272518,0.7027366247427047,0.6488261926305032,0.053910432112201374,0.8454011741682974,511
21,5.252477850651963,5.41983352504856,0.16735567439659693,0.700687407345487,0.6466953783056042,0.0539920290398829,0.8512720156555773,511
22,5.253052288098524,5.424634028315422,0.1715817402168982,0.7029759276426474,0.6495373618908203,0.053438565751827094,0.863013698630137,511
23,5.245461363642546,5.415786307190926,0.1703249435483798,0.7024339111778548,0.6499163431800911,0.052517567997763685,0.8610567514677103,511
24,5.25036577397968,5.4183562214428855,0.16799044746320568,0.701616654490955,0.6470718703532071,0.05454478413774793,0.8512720156555773,511
25,5.246823444758653,5.419513067728257,0.172689622969604,0.7029427892110436,0.6469182790682834,0.05602451014276024,0.8825831702544031,511
26,5.2482826467679615,5.418582053162308,0.1702994063943466,0.7055577528126661,0.6489625812855105,0.056595171527155624,0.8688845401174168,511
27,5.246676087510452,5.413894727283519,0.1672186397730666,0.7011630767772782,0.648493225336236,0.052669851441042186,0.87279843444227,511
28,5.259305447295565,5.4295904920021005,0.17028504470653516,0.7011336481215648,0.6497915815634545,0.05134206655811036,0.8512720156555773,511
29,5.256221611263681,5.423399248701634,0.16717763743795366,0.7026339893366075,0.6476375833139972,0.0549964060226103,0.863013698630137,511
30,5.251548792377698,5.4221695446031255,0.17062075222542727,0.7000019257083498,0.6483776691012477,0.051624256607102036,0.8551859099804305,511
31,5.254634421263296,5.419522485592303,0.16488806432900738,0.701647760158246,0.6481424052084517,0.05350535494979405,0.8610567514677103,511
32,5.248745211442867,5.414068093172672,0.16532288172980447,0.7026025576666393,0.6489064227864642,0.05369613488017505,0.8590998043052838,511
33,5.253425434785797,5.421400324157895,0.1679748893720987,0.7049364933931195,0.6487597372646479,0.056176756128471485,0.8688845401174168,511
34,5.249432605820335,5.415331536316869,0.16589893049653437,0.7042387943000465,0.6509510572150108,0.0532877370850358,0.8512720156555773,511
35,5.249948883456454,5.418699618935803,0.1687507354793496,0.7053248928445276,0.650616382430326,0.054708510414201626,0.8610567514677103,511
36,5.252725386318712,5.422491410590486,0.169766024271774,0.7025422631585788,0.6475148523717741,0.05502741078680482,0.8767123287671232,511
37,5.2543523887997665,5.4239340844024495,0.169581695602683,0.7035692958769797,0.6496578029085762,0.05391149296840328,0.8551859099804305,511
38,5.249124049679504,5.417008645590169,0.16788459591066474,0.7005465154474113,0.6453379336406485,0.05520858180676291,0.8669275929549902,511
39,5.256133210198741,5.423091876931861,0.16695866673311954,0.7023712677840104,0.6478063881087222,0.054564879675288135,0.8532289628180039,511
40,5.248957604262356,5.418167596775803,0.16920999251344782,0.7026297092910924,0.6500592953462108,0.05257041394488161,0.8590998043052838,511
41,5.253597899031192,5.4188142197320515,0.16521632070085968,0.7019839722501511,0.6491344674817741,0.05284950476837697,0.8551859099804305,511
42,5.246129552738258,5.415009829792803,0.16888027705454522,0.7021635655036997,0.6488035572476107,0.05336000825608899,0.8590998043052838,511
43,5.245860836679686,5.415176798668339,0.16931596198865329,0.7034531393280616,0.649862313122086,0.053590826205975745,0.8669275929549902,511
44,5.249423369247474,5.420571422791595,0.17114805354412166,0.7039099054999447,0.650803539694583,0.05310636580536158,0.8434442270058709,511
45,5.249063397248799,5.418890126678679,0.16982672942988053,0.6997696961206216,0.6470176801737642,0.052752015946857335,0.863013698630137,511
46,5.25169434716906,5.417473238022329,0.1657788908532689,0.7040053578395918,0.6503522985756441,0.053653059263947554,0.8649706457925636,511
47,5.248793511576921,5.416139193226084,0.16734568164916297,0.7016870736638788,0.6494066196630163,0.0522804540008625,0.8649706457925636,511
48,5.248298122504789,5.4158792438742696,0.1675811213694809,0.7014508814959047,0.6480395950641236,0.05341128643178121,0.8747553816046967,511
49,5.2424236737174565,5.411266328028304,0.16884265431084788,0.7016384495182213,0.6483187967744415,0.05331965274377988,0.8532289628180039,511
50,5.252869062216785,5.421567833792053,0.1686987715752677,0.7021410943065153,0.6476537100283852,0.05448738427813014,0.8649706457925636,511
51,5.246050246308599,5.414144074839031,0.16809382853043253,0.7010890797536805,0.6489537410287581,0.0521353387249224,0.8532289628180039,511
52,5.247883732139578,5.413810265959207,0.16592653381962919,0.7024260049332135,0.6474999036939334,0.054926101239280066,0.8845401174168297,511
53,5.253572108468679,5.425015206480216,0.17144309801153756,0.7011736256470644,0.6476548590644079,0.05351876658265639,0.8845401174168297,511
54,5.251587542479165,5.419516812344271,0.16792926986510537,0.7008402614102398,0.647781858147734,0.0530584032625057,0.8688845401174168,511
55,5.254020196051535,5.422118674421606,0.1680984783700712,0.702730659880564,0.6485043086308057,0.05422635124975857,0.8434442270058709,511
56,5.255742944746016,5.423463818848041,0.16772087410202463,0.7022421876340258,0.651033948594762,0.05120823903926365,0.8551859099804305,511
57,5.2494653327731635,5.4192811635361835,0.16981583076301998,0.7040605019898343,0.6484290370664193,0.055631464923415155,0.8649706457925636,511
58,5.253571171098716,5.4208769196304,0.16730574853168445,0.7017782248569572,0.6461897664462033,0.05558845841075384,0.8454011741682974,511
59,5.250731603562912,5.417889531163607,0.16715792760069537,0.7024809286692553,0.6487254583781435,0.0537554702911116,0.8825831702544031,511
60,5.24995214782273,5.41991085074214,0.16995870291941007,0.7022715348476306,0.6468076115111516,0.055463923336479044,0.8669275929549902,511
61,5.245126907599472,5.410168543207161,0.1650416356076887,0.7011796520611503,0.649109147100764,0.05207050496038636,0.8571428571428571,511
62,5.2526224969007735,5.420190769233585,0.16756827233281157,0.7016870579405232,0.6482616887922018,0.05342536914832132,0.8688845401174168,511
63,5.2492105123295785,5.416984743192888,0.16777423086330945,0.7050399829676505,0.6488558820376892,0.05618410092996136,0.8571428571428571,511
64,5.253214876146087,5.418190646203109,0.1649757700570218,0.7001566802611366,0.6476235464976582,0.05253313376347834,0.8454011741682974,511
65,5.2512810328002635,5.4215508364973,0.17026980369703626,0.7020606169916822,0.6491480254968798,0.05291259149480242,0.8512720156555773,511
66,5.2504758897830595,5.416552929297132,0.1660770395140725,0.702507376885098,0.6489542961438933,0.053553080741204726,0.8434442270058709,511
67,5.244984869186515,5.413405903979943,0.16842103479342807,0.703505428628838,0.6494915297892704,0.05401389883956772,0.8649706457925636,511
68,5.252968976307457,5.420814240267899,0.16784526396044175,0.7008666248666303,0.6467941999473601,0.054072424919270126,0.8610567514677103,511
69,5.252912676359262,5.420364119622705,0.16745144326344263,0.6996756004455965,0.6489277046888888,0.05074789575670769,0.8493150684931506,511
70,5.2480637044378415,5.410783103453334,0.1627193990154927,0.7005388643184295,0.6490941537446,0.051444710573829516,0.8571428571428571,511
71,5.236434008447736,5.409189138123303,0.17275512967556672,0.7028453347275346,0.6477924755227672,0.0550528592047674,0.8512720156555773,511
72,5.244838439975129,5.411269173114811,0.16643073313968237,0.7030171794203762,0.6474118624726658,0.055605316947710474,0.863013698630137,511
73,5.247308901766889,5.418164899686955,0.17085599792006612,0.7016970544377921,0.6501544686323097,0.05154258580548247,0.821917808219178,511
74,5.252079874821558,5.4212021260492875,0.16912225122772995,0.7027666513469798,0.6470964366130691,0.055670214733910726,0.8590998043052838,511
75,5.253804940037934,5.420302103487482,0.1664971634495478,0.6988689313833303,0.6481793528229314,0.050689578560398865,0.8317025440313112,511
76,5.255616564505667,5.422876507897445,0.16725994339177763,0.7019255101146171,0.6483790201073063,0.0535464900073108,0.8649706457925636,511
77,5.26143024822179,5.426182006637499,0.16475175841570966,0.7037102378228074,0.6509320083162178,0.052778229506589475,0.8532289628180039,511
78,5.246745684977116,5.415630907884157,0.16888522290704167,0.7022583913830637,0.6478821693486495,0.05437622203441419,0.8551859099804305,511
79,5.245928542179167,5.415793446636079,0.1698649044569125,0.7049665464518384,0.6485486301502053,0.05641791630163322,0.8825831702544031,511
80,5.248670275143003,5.415654457473134,0.1669841823301308,0.7010256230103858,0.6487311038389875,0.05229451917139837,0.8551859099804305,511
81,5.253450775522885,5.421613476857757,0.16816270133487166,0.7021253658237318,0.6481248734924553,0.05400049233127642,0.87279843444227,511
82,5.24990702640021,5.419307139853953,0.16940011345374284,0.7017971004539612,0.6477036622918513,0.05409343816210966,0.8708414872798435,511
83,5.251114197687628,5.419480747507698,0.16836654982006927,0.7021969962668332,0.6475582501691972,0.05463874609763609,0.8688845401174168,511
84,5.248611197444958,5.416567966442564,0.16795676899760625,0.7017958376735457,0.6485631041396802,0.05323273353386541,0.8669275929549902,511
85,5.252283841997009,5.4189882084602345,0.16670436646322528,0.7008466072879853,0.6473908622851481,0.053455745002837285,0.8414872798434442,511
86,5.251587577881052,5.420121132292643,0.16853355441159046,0.7031511020320208,0.6486411750135707,0.054509927018450144,0.8551859099804305,511
87,5.252511625092301,5.42193176702592,0.1694201419336192,0.7032314679818527,0.6480921354536835,0.055139332528169015,0.8473581213307241,511
88,5.2516207897144245,5.42336319685613,0.1717424071417053,0.7010681689250101,0.6429542519371337,0.05811391698787631,0.8649706457925636,511
89,5.244828404920595,5.41633065077448,0.17150224585388507,0.7017577712309689,0.6470959083367065,0.054661862894262496,0.87279843444227,511
90,5.247525675987399,5.4168924137199275,0.16936673773252853,0.7022251370706494,0.6472920293736465,0.054933107697003006,0.8649706457925636,511
91,5.245749684105995,5.418543447236717,0.1727937631307217,0.7039484966795218,0.6487294984958907,0.055218998183631025,0.8493150684931506,511
92,5.251480550768827,5.418775211646353,0.1672946608775261,0.700933451974093,0.6466166902798212,0.05431676169427185,0.87279843444227,511
93,5.25339008702178,5.424032928121937,0.17064284110015748,0.7035480662511742,0.6488402105275657,0.0547078557236085,0.8649706457925636,511
94,5.254594953024075,5.422910690655479,0.16831573763140462,0.7025505919330354,0.6475857938810534,0.054964798051981935,0.8493150684931506,511
95,5.249298637640111,5.417711885455299,0.16841324781518807,0.7024947604154609,0.6478882178903396,0.054606542525121385,0.8551859099804305,511
96,5.253105087986949,5.419608666387184,0.1665035784002349,0.7006846919487849,0.6457940161592597,0.054890675789525195,0.87279843444227,511
97,5.255726920857125,5.422319439236857,0.16659251837973255,0.7061050793563537,0.6493500729967047,0.05675500635964893,0.8904109589041096,511
98,5.2522724907547245,5.419155081640879,0.16688259088615442,0.702447006445689,0.648764168955767,0.0536828374899219,0.8610567514677103,511
99,5.2510506962609185,5.419730707131428,0.1686800108705091,0.7055511349770953,0.649356908425858,0.05619422655123709,0.8825831702544031,511
100,5.250145535838711,5.4188205456326966,0.16867500979398553,0.7007111884881614,0.6470523871669909,0.053658801321170346,0.8414872798434442,511
101,5.252073880757004,5.418561253703352,0.16648737294634763,0.7005451871877472,0.6465070361064744,0.054038151081272814,0.8708414872798435,511
102,5.247370214931444,5.413446804238681,0.16607658930723712,0.7037195773429387,0.6482555031566257,0.05546407418631285,0.8669275929549902,511
103,5.260055407627627,5.4232217619101695,0.16316635428254234,0.7012490129160137,0.6493585975447806,0.051890415371233026,0.8336594911937377,511
104,5.255351112600126,5.4219177419262845,0.16656662932615873,0.7037313102779945,0.648159436044062,0.055571874233932575,0.8708414872798435,511
105,5.253076089974255,5.421860024888547,0.1687839349142921,0.7019115058568586,0.6468855712055187,0.05502593465133986,0.8512720156555773,511
106,5.254043805465813,5.422212627031473,0.1681688215656596,0.7014537436064046,0.6482697651453231,0.05318397846108148,0.8551859099804305,511
107,5.249328709042307,5.4199077892400105,0.17057908019770363,0.7032477620430525,0.6487806900279057,0.05446707201514681,0.8610567514677103,511
108,5.253357563936358,5.41883807304691,0.16548050911055157,0.7009600881888957,0.6488206110695162,0.052139477119379676,0.8532289628180039,511
109,5.248320196806085,5.420364467442572,0.17204427063648708,0.7046628189180231,0.6478033509795711,0.05685946793845201,0.8806262230919765,511
110,5.251060266922668,5.419091067204108,0.16803080028144013,0.7008036593948885,0.6499599853203489,0.05084367407453961,0.8551859099804305,511
111,5.248988976233045,5.417671507023679,0.1686825307906341,0.702590672732099,0.6482375086081328,0.054353164123966326,0.8551859099804305,511
112,5.25539633491242,5.421307731346789,0.16591139643436925,0.6989951137821903,0.6467589621114856,0.05223615167070454,0.8493150684931506,511
113,5.25741717529003,5.426747257482636,0.16933008219260604,0.7007474550152198,0.6473926676680269,0.053354787347193046,0.863013698630137,511
114,5.248555175825049,5.413116921651736,0.1645617458266866,0.700784849759762,0.6486128347524652,0.05217201500729655,0.8473581213307241,511
115,5.2536714791251375,5.420807061099055,0.1671355819739171,0.7017994955358757,0.6473642900694133,0.054435205466462494,0.8610567514677103,511
116,5.244633920235398,5.414330424625373,0.1696965043899743,0.7039451499419376,0.6508001139599858,0.053145035981951694,0.8571428571428571,511
117,5.245230309850325,5.413859198392163,0.16862888854183744,0.7025934687898678,0.6493244955645036,0.05326897322536418,0.8669275929549902,511
118,5.247981024728537,5.414371239250484,0.16639021452194758,0.7030680689722074,0.6488952365179704,0.05417283245423706,0.8551859099804305,511
119,5.258938232196021,5.424092120563689,0.16515388836766753,0.7021086871457959,0.6498025219208855,0.05230616522491031,0.8590998043052838,511
120,5.252617029665469,5.420513277440097,0.1678962477746282,0.7035879761470374,0.6502684665381531,0.05331950960888436,0.8473581213307241,511
121,5.258725268270125,5.4227802265657195,0.16405495829559413,0.7016276218336478,0.6492233818532512,0.052404239980396526,0.8512720156555773,511
122,5.250888216988529,5.419988232701763,0.16910001571323363,0.7027551659918537,0.6476651627642664,0.05509000322758723,0.8767123287671232,511
123,5.254840790029751,5.423273806402637,0.16843301637288643,0.7008965001275025,0.64689422005386,0.054002280073642356,0.8493150684931506,511
124,5.251346097291223,5.418373771189456,0.16702767389823325,0.7037317889010053,0.6480821682897491,0.05564962061125629,0.8649706457925636,511
125,5.250745300278751,5.418314741899159,0.1675694416204072,0.7013226073106399,0.6467489966700676,0.05457361064057232,0.8571428571428571,511
126,5.244898913646472,5.415199256898398,0.17030034325192567,0.7010669473375583,0.6472918789085593,0.053775068428998984,0.8493150684931506,511
127,5.257081885583264,5.428280489883049,0.17119860429978484,0.701927498711333,0.6475107142337773,0.05441678447755569,0.8532289628180039,511
128,5.250025558058323,5.42396165837746,0.1739361003191373,0.7038864222105014,0.6490011684410739,0.05488525376942745,0.8610567514677103,511
129,5.25321559151598,5.4209303081973195,0.1677147166813393,0.7022574965182552,0.6486633660846023,0.05359413043365298,0.8434442270058709,511
130,5.245312345646439,5.416746909803485,0.17143456415704605,0.7009555144574784,0.6480409017413931,0.05291461271608544,0.8669275929549902,511
131,5.255621525383473,5.421543981682802,0.1659224562993291,0.7015512710687855,0.6474340088324579,0.05411726223632754,0.8669275929549902,511
132,5.247209505005351,5.418656923487478,0.17144741848212686,0.7035425852384597,0.6469698917162872,0.05657269352217265,0.8610567514677103,511
133,5.252693967043483,5.421168960668206,0.16847499362472274,0.7026847673711283,0.6485489450020946,0.054135822369033734,0.8610567514677103,511
134,5.2482425865563735,5.4196261616941594,0.1713835751377859,0.7027800583188707,0.6471444212454744,0.05563563707339618,0.8688845401174168,511
135,5.254035983728949,5.425449485401778,0.17141350167282887,0.7020903838258807,0.648813700808565,0.05327668301731571,0.8571428571428571,511
136,5.2524834159340115,5.4202548430890936,0.1677714271550821,0.7002712551871444,0.6474002715185878,0.05287098366855654,0.8649706457925636,511
137,5.2602847869130995,5.42902928927589,0.1687445023627907,0.7012419106989309,0.6470870862843306,0.05415482441460029,0.8708414872798435,511
138,5.252872261766908,5.422798182257009,0.16992592049010113,0.7018733986863275,0.6478887413068424,0.05398465737948512,0.8571428571428571,511
139,5.247402897940038,5.416609005748329,0.16920610780829115,0.7023223149300746,0.6504379820811527,0.0518843328489218,0.8473581213307241,511
140,5.250247598982331,5.41609396088021,0.16584636189787894,0.7032602309525638,0.6491731912445079,0.05408703970805607,0.8669275929549902,511
141,5.244932551926724,5.416699850342053,0.1717672984153289,0.7046109629914485,0.6495066850960733,0.055104277895375295,0.8610567514677103,511
142,5.254297029283045,5.421329273839061,0.16703224455601617,0.7009354629430234,0.6474092746075846,0.053526188335438867,0.8571428571428571,511
143,5.251332606581392,5.419829423000798,0.16849681641940606,0.7021790711820682,0.6494934199555604,0.052685651226507764,0.8649706457925636,511
144,5.250980120788516,5.419251387461862,0.16827126667334547,0.7041410819334779,0.6484199710641533,0.055721110869324575,0.8786692759295499,511
145,5.247057254278597,5.41357184320876,0.1665145889301627,0.7022921945188387,0.6480871871444162,0.05420500737442252,0.837573385518591,511
146,5.2479133458907565,5.416989779482192,0.1690764335914352,0.7030858999091193,0.6493197830940719,0.05376611681504745,0.8512720156555773,511
147,5.2561347265379315,5.422344384453339,0.16620965791540776,0.7013159249375441,0.6469995454289564,0.05431637950858759,0.8649706457925636,511
148,5.250948203312478,5.41909458246943,0.16814637915695219,0.702298504236869,0.6481810841753815,0.05411742006148755,0.8590998043052838,511
149,5.253508724797091,5.419043108223082,0.16553438342599147,0.7020190453290411,0.6484845081066508,0.0535345372223902,0.8414872798434442,511
150,5.24907337049937,5.41690735821682,0.16783398771744995,0.7014615304338433,0.6500576440566834,0.05140388637715985,0.8590998043052838,511
151,5.254034466786704,5.422360079134691,0.16832561234798682,0.7018166617101874,0.6487494706770169,0.053067191033170376,0.8473581213307241,511
152,5.243777978653754,5.413457668252761,0.1696796895990067,0.7039395511131219,0.6472344508691722,0.05670510024394968,0.8669275929549902,511
153,5.243121553543234,5.409267593870341,0.16614604032710734,0.7039339179209574,0.6513375282801316,0.052596389640825796,0.8610567514677103,511
154,5.253850822087809,5.423254228571196,0.16940340648338648,0.7016128349592526,0.6476255053694912,0.053987329589761546,0.863013698630137,511
155,5.253524067693386,5.418723408474791,0.1651993407814052,0.70162268473087,0.6470966996197669,0.05452598511110315,0.8610567514677103,511
156,5.253030951208371,5.419349575478084,0.16631862426971367,0.7020174712747032,0.648533799892004,0.05348367138269899,0.8708414872798435,511
157,5.258360458681621,5.426622384892182,0.1682619262105609,0.7035098187060089,0.648222213216595,0.05528760548941391,0.863013698630137,511
158,5.249202830537263,5.418871484767435,0.16966865423017197,0.7029478981157037,0.6488389932787507,0.05410890483695287,0.8512720156555773,511
159,5.244412833827346,5.4119024273968295,0.16748959356948312,0.7030461294927673,0.6495780625735462,0.053468066919221215,0.8473581213307241,511
160,5.241839982974593,5.410017892893849,0.1681779099192564,0.7016528784386566,0.6461613800304205,0.055491498408236244,0.8571428571428571,511
161,5.252344414189074,5.420820386856302,0.16847597266722758,0.7026159236639731,0.650104245297118,0.05251167836685523,0.8473581213307241,511
162,5.249720514640723,5.41751284649142,0.16779233185069753,0.7032123727910685,0.6473252052714541,0.055887167519614346,0.8649706457925636,511
163,5.250926721804646,5.418148081287837,0.16722135948319128,0.7010838579535621,0.6470425695118746,0.05404128844168758,0.8610567514677103,511
164,5.255549974058393,5.423039016947188,0.16748904288879451,0.7035166900198042,0.6498467593121496,0.05366993070765459,0.8669275929549902,511
165,5.246979869371594,5.414146697142235,0.1671668277706413,0.7037447847105727,0.6481941929305302,0.05555059178004259,0.8747553816046967,511
166,5.255222052522052,5.424290033658465,0.16906798113641308,0.7041986184206532,0.6485750387617433,0.055623579658909884,0.8688845401174168,511
167,5.247589121650907,5.414356179954464,0.16676705830355765,0.7030239157895996,0.6498821683870157,0.053141747402583886,0.8512720156555773,511
168,5.244626200299455,5.416659625689829,0.17203342539037436,0.704721738625836,0.6481622111010559,0.056559527524780134,0.8688845401174168,511
169,5.251439031666204,5.421036599995167,0.169597568328963,0.6998602034427441,0.645869941484776,0.053990261957968196,0.8669275929549902,511
170,5.242680733073128,5.4108789325420705,0.1681981994689421,0.7004967145309196,0.6483646326436153,0.0521320818873043,0.8395303326810176,511
171,5.252322572950537,5.423825886555698,0.1715033136051609,0.7025998385981713,0.6476561115224384,0.05494372707573297,0.8532289628180039,511
172,5.252580943016052,5.420133628694512,0.16755268567846038,0.7036030689195267,0.6478793384245953,0.05572373049493146,0.8708414872798435,511
173,5.250470094497132,5.4183591946766905,0.1678891001795586,0.7039632034493036,0.6490533107990943,0.05490989265020937,0.8669275929549902,511
174,5.245552226948465,5.420253633749618,0.17470140680115254,0.7025429458747454,0.6458154712257542,0.056727474648991194,0.8806262230919765,511
175,5.260942315554698,5.425830720392582,0.16488840483788447,0.6995315131795894,0.6482030533643014,0.05132845981528797,0.8512720156555773,511
176,5.254991304401777,5.42348095602537,0.16848965162359253,0.7016357555862824,0.6477877071243741,0.05384804846190862,0.8434442270058709,511
177,5.247377680795671,5.418078019695658,0.17070033889998726,0.7058528959527237,0.6503764844005959,0.055476411552127854,0.8747553816046967,511
178,5.256899517498075,5.423015554333529,0.1661160368354535,0.7017453384958566,0.6471165194824442,0.054628819013412454,0.863013698630137,511
179,5.251931831696822,5.415947761983121,0.16401593028629868,0.7010609424618951,0.6502717783708287,0.050789164091066506,0.8532289628180039,511
180,5.250263314854669,5.417641933045273,0.16737861819060385,0.7028061561558999,0.6470719014831465,0.05573425467275358,0.8571428571428571,511
181,5.252188284215154,5.421551583370016,0.16936329915486237,0.7013082839624976,0.6474571804665095,0.05385110349598808,0.8649706457925636,511
182,5.249632263704997,5.415803742112594,0.16617147840759738,0.7021890959486063,0.6481707891372881,0.05401830681131816,0.8786692759295499,511
183,5.247323780566808,5.41405168462769,0.166727904060882,0.703911688696802,0.6490104036785103,0.05490128501829177,0.8669275929549902,511
184,5.257755888026876,5.4243419680490765,0.1665860800222001,0.7012923138705762,0.6488577208284269,0.052434593042149334,0.8708414872798435,511
185,5.2569032644742695,5.4226034813140584,0.16570021683978897,0.701789121812425,0.6494091347102166,0.05237998710220843,0.8571428571428571,511
186,5.246189924051438,5.417308743791351,0.17111881973991316,0.703367678934202,0.6470612928212512,0.056306386112950815,0.8923679060665362,511
187,5.247728455368772,5.414154397402357,0.16642594203358474,0.7020092209228098,0.64814937724618,0.053859843676629694,0.8571428571428571,511
188,5.250227228078511,5.419640670838107,0.1694134427595957,0.7038569321908056,0.649519838587483,0.054337093603322555,0.8688845401174168,511
189,5.251171230888202,5.4176232969213745,0.1664520660331723,0.7037866273277924,0.6510458178283982,0.05274080949939418,0.8649706457925636,511
190,5.247721457286562,5.41515925487166,0.16743779758509802,0.7031422706174727,0.6494646484210077,0.05367762219646499,0.8532289628180039,511
191,5.252301660067216,5.4183045582230385,0.16600289815582236,0.7004925857241049,0.648715639717098,0.05177694600700695,0.8571428571428571,511
192,5.253512870504558,5.424422991751749,0.17091012124719107,0.7035021037374557,0.6484606470447195,0.055041456692736364,0.8610567514677103,511
193,5.246835860550464,5.417951488559487,0.1711156280090229,0.7016258694012016,0.646244581846643,0.055381287554558685,0.8806262230919765,511
194,5.249346517854382,5.417263955027321,0.16791743717293972,0.702870302503964,0.6494650058218814,0.05340529668208251,0.8473581213307241,511
195,5.257356337572178,5.426195304379512,0.1688389668073338,0.7008683825165687,0.6490781732948429,0.05179020922172586,0.8493150684931506,511
196,5.2538565911167385,5.4175965306634595,0.16373993954672095,0.7009753608683446,0.6501585662794294,0.05081679458891504,0.8512720156555773,511
197,5.25546696891444,5.419249343957557,0.16378237504311688,0.7024455318196873,0.6486994862001652,0.05374604561952193,0.8571428571428571,511
198,5.24551130823858,5.416762699620285,0.17125139138170464,0.7048063670126856,0.648616251593312,0.05619011541937367,0.8747553816046967,511
199,5.255396787101227,5.422682667732416,0.167285880631189,0.7004223726981139,0.6476965616765086,0.052725811021605486,0.8669275929549902,511
200,5.256802917253928,5.4261985782680195,0.1693956610140912,0.7025523720584503,0.6490077483289954,0.05354462372945489,0.8473581213307241,511
201,5.260883877800737,5.427597065496279,0.16671318769554233,0.7026715211054664,0.6487218489544008,0.053949672151065546,0.8590998043052838,511
202,5.259399117139625,5.422623599262306,0.16322448212268093,0.7027653488027829,0.650725901875377,0.052039446927405926,0.863013698630137,511
203,5.256881577507679,5.423577998367496,0.16669642085981717,0.7021218394410176,0.648774446821056,0.05334739261996152,0.8532289628180039,511
204,5.25231741861239,5.422072668522929,0.1697552499105388,0.7023931906300028,0.6489725701492485,0.05342062048075432,0.8747553816046967,511
205,5.250911733195978,5.417896220735987,0.1669844875400086,0.7039586926563297,0.6481960927591146,0.05576259989721522,0.8708414872798435,511
206,5.251024522919811,5.4181387784404516,0.16711425552064085,0.7027370736728121,0.6478784588784883,0.05485861479432376,0.8767123287671232,511
207,5.244340900508052,5.412807281959759,0.16846638145170623,0.7019500305351372,0.6492991864588232,0.05265084407631405,0.8356164383561644,511
208,5.251391698141858,5.4195922231951945,0.1682005250533365,0.7017833105376114,0.6480369559988693,0.05374635453874209,0.8649706457925636,511
209,5.24227080873642,5.411297297251801,0.1690264885153816,0.7038834863337026,0.6492659806474954,0.054617505686207025,0.8610567514677103,511
210,5.2524623675739655,5.420964318156755,0.16850195058278938,0.7042540634860399,0.6494998316894064,0.054754231796633655,0.8590998043052838,511
211,5.24624417275743,5.4126958846574675,0.16645171190003794,0.7043051886425186,0.6494926557877698,0.0548125328547486,0.8551859099804305,511
212,5.251092506089552,5.421015385541781,0.16992287945222895,0.7037450792029635,0.6485208489563229,0.05522423024664054,0.8708414872798435,511
213,5.2459791078015945,5.415595543205658,0.16961643540406346,0.7014064190875308,0.647947986023805,0.05345843306372573,0.8708414872798435,511
214,5.254611441245672,5.421688586858838,0.1670771456131659,0.7016176495468707,0.6498468018477787,0.051770847699092036,0.8571428571428571,511
215,5.248941529966668,5.417020801691443,0.16807927172477477,0.7026091022586245,0.6488694037345492,0.05373969852407522,0.8473581213307241,511
216,5.251675884584569,5.4209816459202225,0.16930576133565367,0.7017262022079009,0.6488281463853017,0.05289805582259927,0.8434442270058709,511
217,5.249148873255104,5.415684694613168,0.16653582135806388,0.7015987775236495,0.6482643797938918,0.05333439772975762,0.8512720156555773,511
218,5.248778984844638,5.414193173234881,0.16541418839024313,0.7010508159120845,0.6464128796426624,0.05463793626942209,0.8590998043052838,511
219,5.25731416463324,5.424592304859024,0.16727814022578347,0.7022371650497269,0.6475134488618569,0.05472371618786993,0.863013698630137,511
220,5.250387765970244,5.417732753717363,0.1673449877471196,0.7023577680271108,0.6469898723603867,0.05536789566672409,0.8571428571428571,511
221,5.246202716265047,5.411458588360896,0.16525587209584902,0.7024995193784375,0.6500500502285919,0.05244946914984554,0.8512720156555773,511
222,5.246860948666239,5.416272855289249,0.16941190662301064,0.7011195363124842,0.6484806603383428,0.05263887597414129,0.8610567514677103,511
223,5.254238485049657,5.419047628164457,0.1648091431148,0.7014734129396083,0.649128212416465,0.05234520052314331,0.8571428571428571,511
224,5.249909700100795,5.421246219903906,0.17133651980311093,0.702775777880676,0.6458483445635002,0.05692743331717592,0.8532289628180039,511
225,5.248432107921325,5.418991702225975,0.17055959430464984,0.7038461315000007,0.648394177359077,0.05545195414092361,0.8669275929549902,511
226,5.258306410370316,5.427517660065061,0.16921124969474555,0.7017071739552401,0.6458578338253184,0.05584934012992172,0.8512720156555773,511
227,5.251982914464049,5.41577363808075,0.16379072361670044,0.7002456486617655,0.6491421737250146,0.05110347493675078,0.8336594911937377,511
228,5.250957635259175,5.414554534769327,0.16359689951015266,0.7012999681230018,0.6496605135676898,0.05163945455531211,0.8512720156555773,511
229,5.251477941157804,5.4198245348606005,0.1683465937027968,0.7007009950514868,0.6485816021453374,0.052119392906149205,0.8454011741682974,511
230,5.248148125770533,5.419734282606152,0.17158615683561873,0.7022682118289937,0.6477813016038518,0.054486910225141995,0.8551859099804305,511
231,5.252238531803961,5.420505976730296,0.16826744492633505,0.7011385009525666,0.6482975443817365,0.05284095657083022,0.8649706457925636,511
232,5.25213194645645,5.4206264398823745,0.16849449342592404,0.70105082667198,0.6474262197189427,0.05362460695303739,0.8590998043052838,511
233,5.257812452930929,5.4271533092227875,0.1693408562918588,0.7033499473784254,0.6487638111360589,0.054586136242366676,0.8610567514677103,511
234,5.241198832157093,5.411642327798652,0.17044349564155858,0.7021715459328876,0.6496673739406486,0.052504171992238904,0.8473581213307241,511
235,5.252131363073012,5.422549973572978,0.17041861049996587,0.7003976478149427,0.6458711214041741,0.05452652641076858,0.8493150684931506,511
236,5.243838810371034,5.413874735147775,0.1700359247767418,0.7040629691993442,0.649479688763639,0.05458328043570521,0.8649706457925636,511
237,5.252971554318531,5.420226641078638,0.16725508676010659,0.7027699263553949,0.6473628558626996,0.05540707049269539,0.8806262230919765,511
238,5.244692781173141,5.412922345808145,0.16822956463500383,0.7025415426017443,0.648861116787831,0.05368042581391324,0.8551859099804305,511
239,5.256091761539281,5.42088355183876,0.16479179029947932,0.7019476816984179,0.6490256952530985,0.05292198644531948,0.8590998043052838,511
240,5.2477346292061,5.416591501359603,0.1688568721535031,0.7041092319608535,0.6478765819192317,0.056232650041621805,0.8864970645792564,511
241,5.263516658201395,5.431423293111615,0.16790663491021984,0.7005305958562891,0.6450588632618544,0.05547173259443475,0.8688845401174168,511
242,5.245445965524737,5.41541684618285,0.16997088065811283,0.7043711065067976,0.6486592953740218,0.05571181113277586,0.8532289628180039,511
243,5.250245914798759,5.418768408789457,0.1685224939906984,0.7017456919319872,0.6486030490091231,0.05314264292286411,0.8610567514677103,511
244,5.247535808025668,5.418164209950715,0.1706284019250468,0.7011712078797349,0.6480174462632339,0.05315376161650093,0.8590998043052838,511
245,5.24751099544619,5.4194082347257835,0.17189723927959388,0.7029255232393956,0.6482978689038335,0.05462765433556223,0.8590998043052838,511
246,5.2562997223158865,5.423918386985324,0.16761866466943776,0.7007269003688559,0.6472764987447679,0.05345040162408802,0.8532289628180039,511
247,5.249123511630775,5.41955309041468,0.17042957878390474,0.7039246663220574,0.6479995484681075,0.05592511785394997,0.8864970645792564,511
248,5.2492847860307075,5.41775098072169,0.1684661946909829,0.7029802672921948,0.6496812099063762,0.05329905738581858,0.8845401174168297,511
249,5.245484676841419,5.415852504197912,0.17036782735649325,0.703390399800002,0.6490578407027794,0.054332559097222635,0.8649706457925636,511
250,5.248049492967098,5.415375727861072,0.1673262348939737,0.7011528788515431,0.6458305515756086,0.055322327275934495,0.8669275929549902,511
251,5.2484818339988575,5.4198708532512745,0.171389019252417,0.6997430660714664,0.6465016136426466,0.053241452428819946,0.8590998043052838,511
252,5.246429851145547,5.41303277694944,0.16660292580389324,0.7020923757379398,0.6483586329686818,0.05373374276925786,0.8688845401174168,511
253,5.25532211241805,5.421849838741404,0.16652772632335466,0.7043427316483382,0.6497736750607455,0.054569056587592625,0.8590998043052838,511
254,5.253655708067178,5.422426879510144,0.16877117144296516,0.7029204761917064,0.648156514209034,0.05476396198267229,0.863013698630137,511
255,5.244916840806693,5.415410626487316,0.17049378568062323,0.7027164595794336,0.646858913577689,0.0558575460017447,0.8590998043052838,511
256,5.258632247256764,5.424085704856774,0.16545345760000973,0.7031599938212827,0.6474447372569619,0.05571525656432078,0.8610567514677103,511
257,5.248999809092954,5.416059783586043,0.16705997449308896,0.7033796651432052,0.6504520819017304,0.05292758324147485,0.8512720156555773,511
258,5.247625582037738,5.413993525583248,0.16636794354550943,0.7022419087687934,0.6486734246109022,0.053568484157891276,0.8434442270058709,511
259,5.253515365430182,5.424888247138567,0.17137288170838438,0.7024603946069716,0.6485014241585065,0.053958970448465086,0.8532289628180039,511
260,5.2525833424704595,5.422455847782574,0.16987250531211462,0.7020331829312089,0.6482970236170151,0.053736159314193836,0.8649706457925636,511
261,5.24938378466884,5.419507600469674,0.17012381580083424,0.7030263476323914,0.6468609090377531,0.05616543859463828,0.87279843444227,511
262,5.253086340191834,5.420022634631127,0.16693629443929225,0.7045234018539479,0.65129948323993,0.05322391861401772,0.8688845401174168,511
263,5.247073902384917,5.414864079090217,0.1677901767052994,0.7048738203751118,0.650291699577389,0.05458212079772285,0.863013698630137,511
264,5.265059940761872,5.430000031461311,0.1649400906994387,0.6987309547805739,0.6439938170968225,0.05473713768375154,0.8512720156555773,511
265,5.251551372469515,5.422908011601063,0.17135663913154797,0.7026805183255538,0.6488787738208691,0.053801744504684675,0.8669275929549902,511
266,5.248712165147873,5.418493813038538,0.1697816478906642,0.7031626039532285,0.6479285269693379,0.05523407698389079,0.863013698630137,511
267,5.253878886523889,5.425908304477484,0.1720294179535946,0.7043819311104653,0.6467861782456803,0.05759575286478519,0.87279843444227,511
268,5.25081151683829,5.423242738527247,0.17243122168895653,0.702918319664716,0.6484402964517776,0.054478023212938424,0.8669275929549902,511
269,5.2448244746216774,5.411594676807216,0.16677020218553817,0.7041535851238547,0.6509804201726801,0.05317316495117466,0.8590998043052838,511
270,5.2505545582769635,5.420878477562738,0.1703239192857744,0.7028411031009134,0.6501740768015287,0.052667026299384814,0.8493150684931506,511
271,5.249402187248804,5.420608528670818,0.17120634142201396,0.701590844216555,0.6467473716091997,0.05484347260735529,0.8649706457925636,511
272,5.241784914595534,5.412052606595261,0.1702676919997268,0.7049971646470449,0.6481646973203111,0.056832467326733756,0.8786692759295499,511
273,5.2497458784373,5.4173222303120685,0.16757635187476883,0.7032663335313929,0.6497401224762598,0.05352621105513304,0.8532289628180039,511
274,5.251330394708049,5.4150981322843155,0.16376773757626673,0.7023870863812883,0.6492574361393713,0.05312965024191707,0.8473581213307241,511
275,5.244559988372968,5.413964019079578,0.1694040307066098,0.7008211718486469,0.6484997831859928,0.05232138866265412,0.8649706457925636,511
276,5.2503737748697885,5.417528463640768,0.16715468877097983,0.7016164806629207,0.64763204572814,0.05398443493478062,0.863013698630137,511
277,5.250989067811675,5.419337777590491,0.1683487097788161,0.7028496945203204,0.6488769110057719,0.05397278351454867,0.8708414872798435,511
278,5.251692892685894,5.4174515049739185,0.16575861228802413,0.7006524740462811,0.6472446316317154,0.053407842414565615,0.8512720156555773,511
279,5.250666948649087,5.420085799292698,0.16941885064361095,0.7048679404520118,0.648579411084189,0.05628852936782292,0.863013698630137,511
280,5.253853119099066,5.420670089415099,0.1668169703160327,0.6999943915528744,0.6478933571912759,0.052101034361598464,0.8356164383561644,511
281,5.2469169688967,5.41955575418005,0.17263878528334953,0.7047637430690816,0.6507419389148118,0.05402180415426972,0.8649706457925636,511
282,5.251031232084494,5.415407714903727,0.16437648281923334,0.7020023751616424,0.649277486406781,0.05272488875486155,0.8571428571428571,511
283,5.245667000394284,5.4112881284876755,0.1656211280933917,0.7031970588715002,0.6505869447144246,0.05261011415707546,0.8317025440313112,511
284,5.256196258640775,5.424676956938274,0.16848069829749956,0.70124702439885,0.6462629873676274,0.054984037031222545,0.8590998043052838,511
285,5.246638493852184,5.41972198831774,0.1730834944655557,0.7013788462962322,0.6454860307167407,0.05589281557949158,0.863013698630137,511
286,5.255273266953419,5.41864302564839,0.16336975869497117,0.7016021939621817,0.6485989476416537,0.053003246320527865,0.8414872798434442,511
287,5.2506124915511165,5.4144107952319995,0.163798303680883,0.7010646925332004,0.6488547516998319,0.052209940833368655,0.8590998043052838,511
288,5.2526127330416585,5.423352418450556,0.17073968540889783,0.7021711225824091,0.6441845812595225,0.05798654132288664,0.9041095890410958,511
289,5.261430045865809,5.4299961472292555,0.16856610136344674,0.702045912695953,0.6476411659883969,0.05440474670755588,0.8786692759295499,511
290,5.247873508138601,5.416101520220703,0.16822801208210247,0.7000418659551021,0.6472648439189638,0.05277702203613842,0.8590998043052838,511
291,5.248383938262793,5.417071192160867,0.16868725389807349,0.7037931357162016,0.6479629747120745,0.05583016100412723,0.8786692759295499,511
292,5.2455652113015026,5.414741848859404,0.1691766375579018,0.7040390272608089,0.6507707459455825,0.05326828131522636,0.8395303326810176,511
293,5.245067694518239,5.413396324236502,0.16832862971826312,0.7022569908185579,0.6471842042941399,0.055072786524417945,0.87279843444227,511
294,5.2518071483049305,5.419298288800173,0.16749114049524216,0.7012949047612393,0.6486105551317543,0.05268434962948507,0.863013698630137,511
295,5.249515497391345,5.416550584310342,0.1670350869189976,0.7027469585998184,0.648563726057753,0.054183232542065383,0.8571428571428571,511
296,5.249681692312077,5.419441128340913,0.16975943602883614,0.7013865825482194,0.6483407994490882,0.05304578309913135,0.863013698630137,511
297,5.24771434366703,5.416889615171793,0.16917527150476275,0.7036694004938352,0.6475975166756509,0.056071883818184176,0.8590998043052838,511
298,5.25133371031005,5.420561332231527,0.16922762192147722,0.7015529776438212,0.6490450693350057,0.052507908308815514,0.8590998043052838,511
299,5.257054459740898,5.42338387930112,0.1663294195602223,0.7021069924998865,0.6471739583554535,0.054933034144433054,0.8512720156555773,511
300,5.245697112788889,5.4117926366223195,0.1660955238334303,0.7014459324943498,0.6493923833345125,0.052053549159837356,0.8688845401174168,511
301,5.252547439214685,5.4237618783479355,0.17121443913325063,0.7026207138068793,0.6475763044561675,0.055044409350711705,0.8610567514677103,511
302,5.24828385513043,5.417128920815243,0.1688450656848124,0.7034594436384535,0.6486914407804867,0.054768002857966895,0.8512720156555773,511
303,5.254240242786249,5.420043026590279,0.1658027838040299,0.7016854343499418,0.6463641539680717,0.05532128038187011,0.8806262230919765,511
304,5.247697514253222,5.420109969190632,0.17241245493740998,0.702335383527685,0.644879780252669,0.05745560327501591,0.8688845401174168,511
305,5.245892559808929,5.413642040071344,0.16774948026241443,0.7018803156894127,0.6482140132819686,0.053666302407444105,0.8551859099804305,511
306,5.240480058313613,5.408031160465375,0.16755110215176128,0.7030074791072852,0.6488263394709478,0.05418113963633748,0.863013698630137,511
307,5.252184708731059,5.42031653337011,0.16813182463905108,0.7031763174275582,0.6495915786771094,0.05358473875044891,0.8493150684931506,511
308,5.233173868528759,5.404477438730544,0.17130357020178533,0.7036599561811389,0.6479336846871802,0.055726271493958805,0.8669275929549902,511
309,5.2496091920021675,5.420368359708727,0.1707591677065592,0.7033966308696039,0.6481314586895737,0.055265172180030325,0.87279843444227,511
310,5.246710093459265,5.416861962092038,0.17015186863277254,0.7044338068370934,0.650190502604784,0.05424330423230962,0.8493150684931506,511
311,5.246080666118175,5.412184916086096,0.16610424996792084,0.7025085827371307,0.6499738662058298,0.05253471653130079,0.8512720156555773,511
312,5.248581568756564,5.417677355475173,0.16909578671860892,0.7034466242984138,0.6499612523857605,0.05348537191265316,0.8532289628180039,511
313,5.257031501622915,5.424556748646173,0.16752524702325822,0.7032427182075783,0.6461382893813905,0.05710442882618781,0.8610567514677103,511
314,5.252682287490754,5.41995236784883,0.167270080358076,0.7003032355088826,0.6486948637433188,0.05160837176556397,0.8590998043052838,511
315,5.249722053538387,5.418373047076007,0.1686509935376197,0.7032160910469635,0.6482976683838573,0.054918422663106134,0.8767123287671232,511
316,5.25501394150514,5.424548401763655,0.16953446025851537,0.7028781227352753,0.6502741748489028,0.05260394788637255,0.8551859099804305,511
317,5.248663139286779,5.418284638911706,0.16962149962492656,0.7030633826995101,0.6511997063100182,0.051863676389491783,0.863013698630137,511
318,5.24679544945254,5.414781252208003,0.1679858027554637,0.7010270074332104,0.6479975179007346,0.053029489532475944,0.8551859099804305,511
319,5.2499709101973195,5.416483483274601,0.16651257307728162,0.7010784158650154,0.6493035254974744,0.051774890367540995,0.8551859099804305,511
320,5.256171125433273,5.423012631614543,0.16684150618127003,0.701048252031861,0.6466148682866856,0.05443338374517537,0.8571428571428571,511
321,5.2539421553227985,5.421519137306629,0.16757698198383064,0.7012304450817627,0.647012315784552,0.054218129297210746,0.8708414872798435,511
322,5.247591495323772,5.416780999036473,0.16918950371270114,0.7017589710003832,0.6460243982313536,0.05573457276902967,0.8512720156555773,511
323,5.251820654169477,5.419394377763823,0.1675737235943462,0.7032247802672051,0.6470790572505489,0.05614572301665616,0.8708414872798435,511
324,5.250273673948728,5.421056837681436,0.1707831637327084,0.7043141806214639,0.6497715599436921,0.05454262067777181,0.8708414872798435,511
325,5.247561732781586,5.4149038289740785,0.16734209619249274,0.7016771013235047,0.6485741574707183,0.053102943852786286,0.8571428571428571,511
326,5.247248295809592,5.418208471634112,0.17096017582452028,0.7025564219102166,0.6465715581653049,0.0559848637449117,0.87279843444227,511
327,5.25114260579892,5.416372370007572,0.16522976420865199,0.701923568607346,0.6489584302036389,0.05296513840370721,0.8551859099804305,511
328,5.249478581671802,5.41894297851775,0.16946439684594772,0.702197048770048,0.6475898219557792,0.05460722681426873,0.837573385518591,511
329,5.2492165512775095,5.42149654411269,0.1722799928351808,0.7032530638377683,0.6473902855648829,0.055862778272885424,0.8551859099804305,511
330,5.253840626628862,5.42010993141006,0.16626930478119828,0.7027333545417435,0.6500044092004982,0.05272894534124543,0.8414872798434442,511
331,5.248192022740427,5.415383166459998,0.16719114371957122,0.7019084332907074,0.647625757436131,0.054282675854576135,0.8454011741682974,511
332,5.255860108859089,5.423378431037144,0.16751832217805518,0.7003048698816415,0.6460915038454801,0.05421336603616149,0.8493150684931506,511
333,5.251089373729076,5.420705318399501,0.16961594467042573,0.703322226500959,0.648046775794978,0.055275450705981034,0.8786692759295499,511
334,5.248064014159104,5.415610981037161,0.16754696687805648,0.7032066336470187,0.650343901565732,0.05286273208128683,0.863013698630137,511
335,5.2509594424596715,5.4202693418751995,0.169309899415528,0.7054285074055177,0.6495015876882383,0.05592691971727928,0.8669275929549902,511
336,5.249829289708513,5.417499125550462,0.1676698358419486,0.7020469141169583,0.6487816077492475,0.053265306367710596,0.8551859099804305,511
337,5.247413902539353,5.418612585453766,0.17119868291441254,0.7017195990602704,0.6480521850607265,0.05366741399954396,0.8532289628180039,511
338,5.240598503780666,5.412336137509722,0.17173763372905526,0.7026586079772565,0.648896267650785,0.05376234032647154,0.8767123287671232,511
339,5.248222396770745,5.419194491823645,0.17097209505289968,0.7015453966756744,0.6461078948647497,0.05543750181092459,0.8708414872798435,511
340,5.250056409148466,5.417909422774684,0.16785301362621752,0.7021333743304429,0.6489604462541726,0.053172928076270276,0.8571428571428571,511
341,5.247232790918395,5.418139830769119,0.1709070398507242,0.7048340629279769,0.6511647048261707,0.05366935810180609,0.8688845401174168,511
342,5.2537797920900875,5.424415118121806,0.17063532603171883,0.7032515581118365,0.6471010231633075,0.05615053494852877,0.8649706457925636,511
343,5.251351558090323,5.419982267760488,0.1686307096701647,0.7011637113840058,0.6459474412312857,0.05521627015272006,0.8551859099804305,511
344,5.243883502491711,5.416409138912585,0.17252563642087448,0.7010132854314376,0.6506770429732146,0.05033624245822295,0.8551859099804305,511
345,5.24708633825466,5.42060975388069,0.1735234156260299,0.7048769416752998,0.6493922925865728,0.05548464908872697,0.8669275929549902,511
346,5.2584833142159155,5.42188927655822,0.16340596234230453,0.7026829396664405,0.6483016145023213,0.05438132516411918,0.8786692759295499,511
347,5.2558981562690095,5.423952075313586,0.1680539190445769,0.7029817592326106,0.6467086892218925,0.05627307001071816,0.8767123287671232,511
348,5.256188927499347,5.425949092067421,0.16976016456807397,0.7002138749741555,0.6470500786113857,0.05316379636276969,0.8649706457925636,511
349,5.250499262291253,5.4213897435807965,0.17089048128954332,0.7020036639426778,0.6485052673176928,0.053498396624985095,0.8649706457925636,511
350,5.254629701381155,5.423989865270262,0.1693601638891069,0.7051327313883335,0.6460711190906923,0.05906161229764116,0.8923679060665362,511
351,5.253858490359603,5.422674248286208,0.16881575792660541,0.7022132943042859,0.6490974932101128,0.05311580109417313,0.8571428571428571,511
352,5.251077356570293,5.421377641924575,0.17030028535428254,0.7001211667803897,0.6464210962797,0.05370007050068985,0.87279843444227,511
353,5.249307686338792,5.41946694176391,0.17015925542511834,0.7043167506939313,0.6484792564218166,0.05583749427211475,0.8767123287671232,511
354,5.251133987918703,5.418148669616978,0.1670146816982756,0.7016571538786095,0.6482005851380178,0.053456568740591695,0.8532289628180039,511
355,5.247003040925786,5.415259408145792,0.16825636722000592,0.701589898556344,0.6490124511339131,0.0525774474224308,0.8590998043052838,511
356,5.252018049729496,5.417607432480283,0.16558938275078727,0.7022408480296205,0.6458912496199029,0.05634959840971747,0.8669275929549902,511
357,5.2471353597480865,5.413681492916989,0.16654613316890288,0.7017886236428554,0.6472995974404429,0.05448902620241264,0.8434442270058709,511
358,5.246465959485,5.418094614947541,0.17162865546254125,0.703074376665367,0.6473152248625559,0.05575915180281109,0.8767123287671232,511
359,5.2533389830465955,5.419712204884189,0.16637322183759373,0.7023147140880373,0.6486720908105383,0.05364262327749881,0.87279843444227,511
360,5.25248374789315,5.416383702487593,0.1638999545944433,0.700927380155154,0.6479733305871408,0.05295404956801309,0.8669275929549902,511
361,5.244720605916706,5.41474645461256,0.1700258486958539,0.7038304432034184,0.6498570034391834,0.053973439764235034,0.8551859099804305,511
362,5.245227878097281,5.414716720126552,0.16948884202927061,0.7022793892646721,0.6476849729330619,0.05459441633161019,0.8571428571428571,511
363,5.245561821390303,5.4182279843834555,0.17266616299315274,0.7015302599625698,0.6456279917289551,0.05590226823361475,0.8571428571428571,511
364,5.253715010255641,5.425323890967446,0.1716088807118048,0.7025811893928012,0.646831544864139,0.05574964452866233,0.87279843444227,511
365,5.248864387205005,5.417533838458366,0.16866945125336041,0.7017143699012118,0.6479892407574208,0.053725129143790976,0.8512720156555773,511
366,5.255806722197211,5.422455361358119,0.16664863916090766,0.7015149079189614,0.647707760377966,0.0538071475409954,0.8512720156555773,511
367,5.249682874862999,5.414299549994961,0.16461667513196243,0.7003171580335751,0.6483906029939053,0.05192655503966998,0.8473581213307241,511
368,5.24745077345396,5.410617011068756,0.16316623761479576,0.7012438329450306,0.6496966195001495,0.05154721344488114,0.8590998043052838,511
369,5.252340650295009,5.419984572582357,0.1676439222873478,0.7021578276363157,0.6476086369571724,0.05454919067914336,0.863013698630137,511
370,5.250651902204045,5.417401666055898,0.16674976385185314,0.7020841743935294,0.6483323643483766,0.053751810045152996,0.8512720156555773,511
371,5.246337399114687,5.4151293136238845,0.16879191450919784,0.7021862486883552,0.6482726796508099,0.05391356903754521,0.8904109589041096,511
372,5.2552360270856155,5.421128186380228,0.16589215929461254,0.7023576510947636,0.6514177216565769,0.05093992943818665,0.8649706457925636,511
373,5.250560965558654,5.421346091640609,0.17078512608195506,0.7039900376349141,0.6479184623174704,0.05607157531744382,0.8512720156555773,511
374,5.246904867718407,5.414585433901526,0.16768056618311888,0.703312511768532,0.6489028353374477,0.0544096764310842,0.8571428571428571,511
375,5.2505696896499074,5.419447257039164,0.16887756738925663,0.7042929506385587,0.647056201248177,0.057236749390381716,0.8571428571428571,511
376,5.259074951662493,5.423707293240149,0.16463234157765605,0.7015561495193949,0.6478996402959387,0.053656509223456196,0.8688845401174168,511
377,5.249857717662358,5.420601351906305,0.170743634243947,0.7024422259443277,0.6492791103003887,0.05316311564393916,0.8669275929549902,511
378,5.249312523942125,5.4198499144241445,0.17053739048201955,0.7022267361264113,0.6487136667485142,0.05351306937789715,0.8747553816046967,511
379,5.245392602297702,5.416907231940078,0.17151462964237574,0.701300879371421,0.6478430268181682,0.0534578525532528,0.8395303326810176,511
380,5.250239698264202,5.419064822547713,0.16882512428351149,0.7042514875636039,0.6480204275356864,0.05623106002791751,0.8610567514677103,511
381,5.253577004030428,5.422355380135012,0.16877837610458357,0.7016364923447888,0.6470284182640743,0.054608074080714476,0.8512720156555773,511
382,5.246688366058971,5.417267019690817,0.17057865363184543,0.7018890749968822,0.6468015072795492,0.055087567717333204,0.8649706457925636,511
383,5.256645494667688,5.424842265601855,0.16819677093416718,0.7004652123579641,0.6470914396019707,0.053373772755993275,0.8649706457925636,511
384,5.256930165226408,5.42405030500905,0.16712013978264206,0.7019590124352912,0.6469398354301278,0.055019177005163435,0.8688845401174168,511
385,5.256680246859146,5.4221490127608,0.16546876590165382,0.6988870079034176,0.6454081821211436,0.053478825782274,0.8493150684931506,511
386,5.252590992088742,5.4229894933708325,0.1703985012820901,0.7037213594515332,0.6488706794090323,0.054850680042500856,0.8688845401174168,511
387,5.248204412483561,5.41722194285061,0.16901753036704825,0.701991514489743,0.6480074923750188,0.05398402211472431,0.8571428571428571,511
388,5.247054031554052,5.415997314195363,0.16894328264131087,0.7015225132154922,0.6458349692995126,0.05568754391597973,0.8610567514677103,511
389,5.252817669201087,5.419408737017615,0.16659106781652788,0.7033001241992068,0.649318084228386,0.05398203997082097,0.8571428571428571,511
390,5.256287535860621,5.426323723362578,0.1700361875019567,0.7037159181520337,0.6488395115448565,0.054876406607177054,0.8610567514677103,511
391,5.25282659101236,5.42488651993455,0.17205992892219069,0.7041958519629795,0.6466044804423406,0.05759137152063897,0.8708414872798435,511
392,5.251416852976963,5.41856962341351,0.1671527704365472,0.7022366392687064,0.6485531388215948,0.05368350044711146,0.8512720156555773,511
393,5.255105839948964,5.422409573917825,0.16730373396886122,0.7019161942114341,0.6476808911104601,0.05423530310097397,0.8551859099804305,511
394,5.236629044916388,5.409323774659732,0.17269472974334388,0.701452992718345,0.6482447851308736,0.053208207587471315,0.8493150684931506,511
395,5.246133704944357,5.418530364956444,0.17239666001208764,0.7049844859060831,0.6485358345695399,0.05644865133654314,0.8473581213307241,511
396,5.25019262442633,5.422685958464614,0.17249333403828349,0.7032406008868272,0.6508228809213629,0.05241771996546422,0.8532289628180039,511
397,5.2523212781655495,5.422365531714345,0.17004425354879515,0.7029313574556619,0.6465000357895486,0.056431321666113275,0.863013698630137,511
398,5.255853961557273,5.419444825237874,0.16359086368060094,0.6984569799834922,0.6482561398111051,0.050200840172387046,0.8551859099804305,511
399,5.2518938032355535,5.420166612880552,0.16827280964499813,0.7028566685051274,0.6474169930771311,0.05543967542799619,0.8493150684931506,511
400,5.2515210461175785,5.420291193660236,0.1687701475426575,0.7023648417590918,0.6474728665292389,0.05489197522985291,0.8708414872798435,511
401,5.250839224634274,5.423562883025105,0.17272365839083115,0.7033773692416908,0.6442396969906434,0.05913767225104745,0.8825831702544031,511
402,5.255549630254887,5.423226424713547,0.1676767944586599,0.702182589645421,0.6493379930480675,0.052844596597353494,0.8571428571428571,511
403,5.253137685557719,5.421227384881427,0.16808969932370843,0.7010223449483822,0.6481537395956974,0.0528686053526846,0.8571428571428571,511
404,5.248759676249735,5.417171518238645,0.16841184198890957,0.7033988149063253,0.6511931125273013,0.05220570237902406,0.8454011741682974,511
405,5.245112576852155,5.411649089093752,0.1665365122415965,0.7038522922089866,0.6501001951535653,0.05375209705542136,0.8669275929549902,511
406,5.250441931199651,5.418463287877378,0.16802135667772689,0.7027171725071059,0.6466880672750865,0.056029105232019275,0.8512720156555773,511
407,5.251116584826509,5.417277859738838,0.16616127491232913,0.700883353599787,0.6479554955858688,0.05292785801391816,0.8610567514677103,511
408,5.2579400942928824,5.42775091899583,0.16981082470294773,0.7006071187766213,0.6483629481333878,0.05224417064323337,0.8649706457925636,511
409,5.246839682832295,5.416341119337736,0.16950143650544103,0.7031978477969584,0.6464632756111847,0.05673457218577374,0.8571428571428571,511
410,5.252548916773961,5.422197854718342,0.1696489379443813,0.7041005219965151,0.649422586911245,0.054677935085270114,0.863013698630137,511
411,5.2474358014384155,5.415129848803393,0.16769404736497773,0.7037191518077363,0.6501189158934793,0.05360023591425719,0.8825831702544031,511
412,5.256140553954493,5.422505571057856,0.16636501710336304,0.7004740355999352,0.6509664727340334,0.04950756286590178,0.8571428571428571,511
413,5.244542052264416,5.412916401736138,0.1683743494717218,0.7027423318477974,0.6492863415051634,0.053455990342633986,0.8454011741682974,511
414,5.251304764406423,5.420588907500785,0.16928414309436235,0.7010479744651531,0.6446265654710249,0.056421408994128265,0.8669275929549902,511
415,5.253742524409958,5.421393438909152,0.16765091449919378,0.6993394582741151,0.6458452214759166,0.053494236798198445,0.8551859099804305,511
416,5.2441156081410645,5.412178563376467,0.1680629552354027,0.7017107905501906,0.6476189242129496,0.05409186633724096,0.8532289628180039,511
417,5.246278006866924,5.416651620339809,0.1703736134728846,0.7039242226438512,0.647474436879089,0.05644978576476213,0.87279843444227,511
418,5.254385297842493,5.423829597276096,0.16944429943360273,0.699780734403122,0.6448843643888896,0.054896370014232365,0.8649706457925636,511
419,5.249747294262374,5.419258168264919,0.16951087400254483,0.7022749222653542,0.6487539559438164,0.053520966321537626,0.8590998043052838,511
420,5.24764560767961,5.417426056197139,0.16978044851752916,0.7014467294916995,0.6474306267825609,0.05401610270913854,0.8571428571428571,511
421,5.24329378247726,5.4114021040920415,0.16810832161478118,0.701098759323641,0.6465963497645537,0.05450240955908722,0.87279843444227,511
422,5.259639332210441,5.421169296647445,0.16152996443700385,0.699422127517759,0.6474922269044521,0.05192990061330686,0.8767123287671232,511
423,5.247117575483158,5.418148876901019,0.1710313014178606,0.7050077723919279,0.6495203549712323,0.05548741742069555,0.8806262230919765,511
424,5.251750340944435,5.4198386278687805,0.16808828692434563,0.699979102886075,0.6481674287720094,0.05181167411406575,0.8551859099804305,511
425,5.252972450901108,5.4189945959466,0.16602214504549195,0.7012038025735738,0.6484543261103316,0.05274947646324216,0.8767123287671232,511
426,5.25252688646254,5.421337927933691,0.16881104147115078,0.7036689261287082,0.6470065958732963,0.05666233025541173,0.8590998043052838,511
427,5.251483847327547,5.418781880340802,0.16729803301325497,0.7005070505667315,0.6468544890073485,0.05365256155938285,0.837573385518591,511
428,5.2437514883999485,5.415595313566614,0.17184382516666563,0.7055605547631252,0.6479592026207198,0.057601352142405464,0.8571428571428571,511
429,5.244260947239285,5.413770797561601,0.16950985032231625,0.7010458564670918,0.6482976907928863,0.05274816567420561,0.8571428571428571,511
430,5.242393335233156,5.414642598451992,0.17224926321883594,0.7046280078004,0.6489129759475778,0.05571503185282232,0.8610567514677103,511
431,5.259049885240627,5.427481579735312,0.16843169449468576,0.7014349567998651,0.6481953618414714,0.05323959495839383,0.8551859099804305,511
432,5.261724086966572,5.423628956365315,0.16190486939874305,0.7009382294752463,0.6485725436398039,0.05236568583544254,0.8414872798434442,511
433,5.253505793924414,5.4250212706488545,0.17151547672444067,0.7044695161077549,0.6466870086979826,0.057782507409772386,0.8767123287671232,511
434,5.251732554261863,5.420804711851805,0.16907215758994187,0.702363488077033,0.6476908811232305,0.05467260695380248,0.8747553816046967,511
435,5.252964630405718,5.423727804033749,0.17076317362803106,0.7028816873639049,0.6467262186060018,0.05615546875790318,0.8669275929549902,511
436,5.252623271694177,5.419767939903006,0.16714466820882912,0.7008239746543479,0.6485525799229039,0.05227139473144391,0.8590998043052838,511
437,5.2519663275118855,5.422197338794775,0.17023101128288953,0.7023414633832675,0.6481993928114305,0.05414207057183698,0.8649706457925636,511
438,5.247242453100961,5.419694095144038,0.17245164204307706,0.7039653881657963,0.648590614985104,0.055374773180692345,0.8493150684931506,511
439,5.251794100762237,5.420743387449722,0.16894928668748488,0.7003422162579291,0.6458921467402843,0.05445006951764487,0.8414872798434442,511
440,5.248929525309722,5.421036336406223,0.1721068110965005,0.7045352987069784,0.6480649653470637,0.056470333359914714,0.8669275929549902,511
441,5.252457143848508,5.421204986260296,0.16874784241178808,0.7033746282300769,0.6467620503978452,0.05661257783223177,0.8786692759295499,511
442,5.248907449291385,5.416658017544799,0.16775056825341395,0.7006333455678619,0.6472075065884111,0.05342583897945086,0.8747553816046967,511
443,5.243165177602463,5.412635168513023,0.16946999091056014,0.7030651101330704,0.651020985606258,0.05204412452681243,0.8649706457925636,511
444,5.248153864675917,5.416852433896365,0.16869856922044768,0.7019283344756142,0.6478341293495065,0.05409420512610768,0.8571428571428571,511
445,5.2473509703767105,5.414571989511154,0.16722101913444387,0.7013003571557401,0.6471510170925584,0.05414934006318161,0.8669275929549902,511
446,5.2508089712673485,5.414714189337993,0.16390521807064484,0.7023397790791673,0.6497020708788048,0.052637708200362454,0.8532289628180039,511
447,5.250978556406202,5.417149309648262,0.16617075324206,0.701513142759949,0.6509152762746658,0.05059786648528321,0.863013698630137,511
448,5.251980212078731,5.421489778044656,0.16950956596592448,0.700494990471412,0.6469747584966078,0.05352023197480431,0.8610567514677103,511
449,5.241754085183049,5.410446046458544,0.16869196127549468,0.7021785744770848,0.6477769475829684,0.054401626894116255,0.863013698630137,511
450,5.253564946722441,5.420902141377185,0.16733719465474461,0.7011559121489104,0.6470109374597619,0.054144974689148584,0.8747553816046967,511
451,5.24885695695848,5.418358456430002,0.16950149947152138,0.7023131127957845,0.6489201135464872,0.05339299924929733,0.8571428571428571,511
452,5.25083564942963,5.41331686052043,0.1624812110907996,0.7028109589635034,0.6499631400155634,0.05284781894794005,0.837573385518591,511
453,5.244761498610939,5.4123532476122165,0.1675917490012777,0.7008440825533752,0.6496831190328267,0.051160963520548476,0.8532289628180039,511
454,5.246125261494122,5.415744690987074,0.16961942949295228,0.703289309326169,0.6482903236434161,0.05499898568275291,0.8747553816046967,511
455,5.252695909954517,5.417038343326441,0.16434243337192367,0.7021812887808285,0.6489734912581282,0.05320779752270038,0.8493150684931506,511
456,5.243710281513382,5.411175300890578,0.1674650193771967,0.7034390330375925,0.6504622618354092,0.0529767712021832,0.8590998043052838,511
457,5.253306968648184,5.422057418808527,0.16875045016034296,0.7035358299255287,0.6480649874749551,0.05547084245057354,0.8551859099804305,511
458,5.249553450338885,5.418475796028359,0.16892234568947373,0.7032317886453985,0.6499248479319811,0.05330694071341738,0.8512720156555773,511
459,5.245718402679308,5.414563658969647,0.1688452562903393,0.7017430029604965,0.6449558335013633,0.05678716945913319,0.8708414872798435,511
460,5.255005658275417,5.424689767035461,0.1696841087600438,0.7017969503683734,0.6459551837401494,0.05584176662822412,0.8688845401174168,511
461,5.242942978561474,5.413406645396399,0.17046366683492487,0.7029636177675416,0.6496790276499792,0.053284590117562425,0.8688845401174168,511
462,5.250299690015795,5.419479004263822,0.16917931424802735,0.7030273929890839,0.6486005706847674,0.05442682230431664,0.8708414872798435,511
463,5.249230987937186,5.414938575801723,0.16570758786453688,0.7022204612666194,0.6477458196562192,0.0544746416104001,0.8532289628180039,511
464,5.2521682336360875,5.419152275142192,0.16698404150610457,0.7007479446202884,0.646573705537183,0.054174239083105556,0.8708414872798435,511
465,5.24888685840785,5.418371334703893,0.16948447629604235,0.704600868066383,0.6486316902880849,0.05596917777829803,0.8708414872798435,511
466,5.253526075927947,5.42289375381862,0.16936767789067275,0.7030586722394817,0.647763922490729,0.05529474974875284,0.8825831702544031,511
467,5.256404859081176,5.424462386217707,0.168057527136531,0.7001422665784032,0.6490749419345412,0.05106732464386197,0.8356164383561644,511
468,5.250999156854998,5.417984464768996,0.16698530791399868,0.7026239291500438,0.6468906767665628,0.055733252383481195,0.8610567514677103,511
469,5.245667771085104,5.41760182702308,0.1719340559379754,0.7028511668571692,0.6464838980060901,0.056367268851079066,0.8590998043052838,511
470,5.247200943352045,5.414043197653305,0.16684225430125998,0.7003637335922893,0.6468390774820156,0.05352465611027381,0.8571428571428571,511
471,5.246522307660511,5.412451494754702,0.16592918709419102,0.7005163003968423,0.6471567782043769,0.05335952219246548,0.8590998043052838,511
472,5.249380545526985,5.4174107828874805,0.1680302373604956,0.7005800508502595,0.6463536782803838,0.05422637256987569,0.8669275929549902,511
473,5.2490299472419935,5.413318092038798,0.16428814479680476,0.7047353614330141,0.6511517352031686,0.05358362622984554,0.8551859099804305,511
474,5.241815754482222,5.410990656962646,0.16917490248042366,0.7045903159901445,0.6490511004332585,0.0555392155568861,0.8493150684931506,511
475,5.253484191180151,5.420680074518689,0.16719588333853785,0.7034210732089863,0.6495828605430608,0.05383821266592543,0.8473581213307241,511
476,5.254773484119988,5.419689422465256,0.16491593834526785,0.7024339866663133,0.6500762360484055,0.05235775061790776,0.8454011741682974,511
477,5.254833621226144,5.4233847480463195,0.1685511268201756,0.6995462158769756,0.6451203664646353,0.054425849412340285,0.8669275929549902,511
478,5.245059340851016,5.415132158679721,0.17007281782870454,0.7036513491026591,0.6489710021851086,0.05468034691755065,0.8532289628180039,511
479,5.245832917231953,5.412028257327547,0.16619534009559445,0.7015312193977321,0.6493405379214628,0.05219068147626936,0.8454011741682974,511
480,5.247300852471934,5.416090961161551,0.16879010868961686,0.7041171487818512,0.6491659992241944,0.054951149557656793,0.8512720156555773,511
481,5.252374317717675,5.4184641261639985,0.1660898084463236,0.7021986754956019,0.6501850988759751,0.05201357661962694,0.8297455968688845,511
482,5.256607947460371,5.423853844506172,0.16724589704580062,0.701804490474928,0.648080995343815,0.05372349513111311,0.8512720156555773,511
483,5.244588833679028,5.412516670195383,0.16792783651635457,0.7016756788199137,0.6483743647995498,0.05330131402036384,0.8512720156555773,511
484,5.261013503915781,5.425758083325939,0.16474457941015785,0.7030270236223933,0.6494452647387311,0.053581758883662296,0.8414872798434442,511
485,5.246014968911236,5.409748893346287,0.16373392443505086,0.7012379164942883,0.6510622996481262,0.05017561684616205,0.8473581213307241,511
486,5.249751909032034,5.419975728344672,0.1702238193126373,0.7022692562197289,0.6493796028393362,0.05288965338039291,0.8336594911937377,511
487,5.250604670875197,5.416996702288477,0.16639203141328007,0.7015234024640223,0.6482854415951905,0.05323796086883179,0.8610567514677103,511
488,5.245570633672507,5.4114338401255635,0.1658632064530563,0.7029854786728472,0.6509106539274702,0.052074824745377106,0.8454011741682974,511
489,5.24823245201357,5.416047830662124,0.16781537864855345,0.7000818654530102,0.6469915980313564,0.053090267421653854,0.8532289628180039,511
490,5.259838314239574,5.423323054057298,0.16348473981772393,0.6993210266631119,0.647610187161958,0.05171083950115393,0.8356164383561644,511
491,5.253121073320274,5.420134716093703,0.167013642773429,0.7004836148957918,0.6472973116372149,0.053186303258576866,0.8688845401174168,511
492,5.245055995706008,5.413526328958525,0.16847033325251726,0.7010576499247054,0.6486132006486541,0.05244444927605135,0.8356164383561644,511
493,5.248100192769048,5.41750090421923,0.16940071145018187,0.7028898793178948,0.6498183627565018,0.05307151656139288,0.8551859099804305,511
494,5.2514333314089425,5.420260886919861,0.16882755551091844,0.7006619850484614,0.6485056720897603,0.05215631295870113,0.8571428571428571,511
495,5.247046190547154,5.41507920142143,0.16803301087427602,0.7024941785073671,0.6484799440914307,0.05401423441593635,0.8610567514677103,511
496,5.252157769249202,5.418321188893372,0.16616341964417014,0.7002681768808224,0.6474974878742173,0.052770689006605025,0.8512720156555773,511
497,5.254639402221087,5.42448616734366,0.16984676512257302,0.7006159631931327,0.6464583165971446,0.05415764659598821,0.837573385518591,511
498,5.245384656415823,5.416168377208821,0.17078372079299875,0.7011589463353257,0.6458014455532858,0.05535750078203987,0.8708414872798435,511
499,5.258627846231171,5.428873757053403,0.17024591082223228,0.7010386219898311,0.6469978185149124,0.054040803474918755,0.8669275929549902,511
500,5.248027470567163,5.417262620434589,0.1692351498674265,0.7005926046284071,0.6480571012146614,0.052535503413745764,0.8473581213307241,511
501,5.251076251334687,5.420975703407961,0.16989945207327395,0.7027223657119438,0.6487742959922792,0.05394806971966463,0.8532289628180039,511
502,5.252306273408415,5.418628272803476,0.16632199939506087,0.7028606006896947,0.6493710148664015,0.05348958582329308,0.8669275929549902,511
503,5.247780460845688,5.416025784398575,0.16824532355288646,0.7037404366155501,0.6477440945875694,0.05599634202798058,0.8454011741682974,511
504,5.251389671095101,5.422083179203772,0.17069350810867068,0.7018379218212356,0.6477949255453355,0.05404299627590015,0.863013698630137,511
505,5.255680661270509,5.423554282053298,0.1678736207827889,0.7013818330969992,0.6460287628610517,0.055353070235947426,0.8767123287671232,511
506,5.256764130986757,5.424487048732694,0.1677229177459374,0.7024118646061622,0.6500586560931567,0.05235320851300548,0.8473581213307241,511
507,5.248031903925463,5.418317132316379,0.17028522839091664,0.7027084156515512,0.6503566750788867,0.052351740572664555,0.8551859099804305,511
508,5.248010911679803,5.416997625274483,0.16898671359468054,0.70404083927563,0.6485413625278068,0.055499476747823066,0.8688845401174168,511
509,5.251012698483926,5.4261250307952364,0.1751123323113104,0.7046407670057824,0.6479852341697278,0.05665553283605456,0.8473581213307241,511
510,5.259760673167185,5.4229076778549,0.1631470046877146,0.7006032874995491,0.6477360007639039,0.0528672867356453,0.8571428571428571,511
511,5.25161623908878,5.424858585771853,0.1732423466830726,0.7016116495080315,0.6466030515830226,0.05500859792500874,0.8688845401174168,511
512,5.259165080657824,5.42613220119545,0.16696712053762575,0.7029280425203952,0.6480171659742938,0.054910876546101446,0.8649706457925636,511
513,5.2527632627466065,5.421597133310406,0.16883387056379906,0.701707654025827,0.6488114970849551,0.052896156940871956,0.8590998043052838,511
514,5.252707476508758,5.417268712091646,0.16456123558288827,0.6993447871810391,0.6476131457678266,0.051731641413212445,0.8395303326810176,511
515,5.249323618867005,5.416455974079662,0.16713235521265712,0.6994478829786971,0.6484111863915986,0.05103669658709865,0.8454011741682974,511
516,5.2491246399887705,5.4176976080405685,0.168572968051798,0.699514950152124,0.6477019135191534,0.05181303663297062,0.8512720156555773,511
517,5.257085262830882,5.422321036963346,0.16523577413246393,0.6999240195710326,0.6499281266992634,0.04999589287176924,0.837573385518591,511
518,5.252332762117767,5.421513650552047,0.1691808884342798,0.7024616971494388,0.6472049907498971,0.0552567063995417,0.8610567514677103,511
519,5.250597898323377,5.4209544311576545,0.1703565328342771,0.7050364077466774,0.6487700388337454,0.05626636891293195,0.8610567514677103,511
520,5.24652103553419,5.4156692293281115,0.1691481937939212,0.7042724637350309,0.6501424902024464,0.05412997353258447,0.8649706457925636,511
521,5.247474682833801,5.416702873401593,0.16922819056779215,0.7020099892246632,0.647694935685499,0.054315053539164215,0.8493150684931506,511
522,5.244992176446588,5.409771804095088,0.16477962764850052,0.7023154388668087,0.6480470681691085,0.054268370697700095,0.8845401174168297,511
523,5.246772878713301,5.418200114390156,0.17142723567685447,0.7016587598340229,0.6494404537827586,0.05221830605126426,0.8317025440313112,511
524,5.249824329578887,5.4152227906249095,0.1653984610460224,0.7036097160383276,0.6507147394339228,0.05289497660440476,0.8590998043052838,511
525,5.2503189235023955,5.419995684743061,0.1696767612406651,0.7036483682307835,0.6491701478458638,0.05447822038491954,0.87279843444227,511
526,5.25210579330779,5.422071034950218,0.16996524164242732,0.7010012234844679,0.6475745877228442,0.05342663576162375,0.8649706457925636,511
527,5.250445560116827,5.4189014545875835,0.16845589447075682,0.701715307391604,0.649329852101225,0.05238545529037908,0.8493150684931506,511
528,5.249429638916065,5.417007194816314,0.16757755590024903,0.7009183922883668,0.6472902901310336,0.0536281021573332,0.8786692759295499,511
529,5.248131139800202,5.416665722020328,0.16853458222012563,0.7005750770680873,0.6502184783326801,0.0503565987354072,0.8532289628180039,511
530,5.243216108334856,5.413241507283283,0.17002539894842705,0.7040085898928743,0.6485425502501294,0.055466039642745005,0.8806262230919765,511
531,5.257258688473477,5.42416227764998,0.1669035891765036,0.7019787352680072,0.6483153306902071,0.05366340457780002,0.8669275929549902,511
532,5.253944212305899,5.422089939065997,0.1681457267600983,0.7029049476287472,0.649541406013587,0.05336354161516033,0.8708414872798435,511
533,5.2483252522456425,5.417855532458106,0.16953028021246386,0.7042418430950897,0.6481152235268428,0.056126619568247035,0.8649706457925636,511
534,5.254379169181075,5.423500184746938,0.16912101556586379,0.7034188459661544,0.6478153626818135,0.05560348328434088,0.8610567514677103,511
535,5.252881012909855,5.420014705968201,0.16713369305834647,0.7023901839241047,0.6508072331149866,0.05158295080911817,0.8493150684931506,511
536,5.248131528035798,5.420450578254429,0.17231905021863092,0.7028095680487043,0.6478359457344202,0.05497362231428422,0.8649706457925636,511
537,5.24605522510139,5.415664626909935,0.169609401808545,0.7035328103714887,0.6499573746119499,0.05357543575953888,0.8669275929549902,511
538,5.255206276732888,5.422912246083566,0.16770596935067772,0.7018351181626299,0.6453808670575755,0.056454251105054386,0.8649706457925636,511
539,5.248549698010371,5.4180469808917024,0.16949728288133148,0.7015259408998276,0.6476622134007732,0.05386372749905439,0.8434442270058709,511
540,5.24861917898151,5.417187807852107,0.16856862887059698,0.7030682238177943,0.6463887274286892,0.05667949638910509,0.863013698630137,511
541,5.254239756585666,5.423183617979683,0.16894386139401707,0.7038570150951341,0.6460545619719356,0.05780245312319836,0.8649706457925636,511
542,5.253147671388777,5.420249699800663,0.16710202841188604,0.7025891607966837,0.6505463893250707,0.052042771471613195,0.8493150684931506,511
543,5.251806697443639,5.420257560611727,0.1684508631680881,0.7017789815002966,0.6495801170022564,0.052198864498040266,0.8512720156555773,511
544,5.248227699523619,5.413897808937212,0.16567010941359328,0.7016570267232826,0.6468582042794203,0.05479882244386216,0.8473581213307241,511
545,5.24784875385525,5.414905098130342,0.16705634427509253,0.7009585175704692,0.6472053689918564,0.0537531485786128,0.8708414872798435,511
546,5.252019469086509,5.421601114087295,0.1695816450007861,0.7039276003520069,0.6477749342709928,0.05615266608101418,0.8747553816046967,511
547,5.240929212184948,5.411904519606156,0.17097530742120792,0.7064353616995098,0.6500118693369612,0.0564234923625485,0.8532289628180039,511
548,5.247991498202049,5.416466491737549,0.16847499353549988,0.699440613157586,0.646431780730567,0.0530088324270189,0.8454011741682974,511
549,5.243225442901863,5.411383464116374,0.16815802121451018,0.7028325863556343,0.6488371535736132,0.05399543278202117,0.8551859099804305,511
550,5.253461890933864,5.422651704880295,0.1691898139464305,0.7025832188511117,0.6474503690346669,0.055132849816445034,0.8806262230919765,511
551,5.249908917290963,5.41880956369078,0.16890064639981706,0.701853426544549,0.6490069138124624,0.05284651273208634,0.8747553816046967,511
552,5.256438546931672,5.4272395530888495,0.17080100615717786,0.7031224511320313,0.648305225047136,0.05481722608489548,0.8864970645792564,511
553,5.245835650018513,5.414636717507807,0.16880106748929347,0.7014780460138533,0.649658627850086,0.05181941816376746,0.8610567514677103,511
554,5.25134013682156,5.417462039075118,0.1661219022535576,0.703377990909178,0.6474813050896551,0.05589668581952293,0.8551859099804305,511
555,5.240580334941141,5.413761170880768,0.1731808359396272,0.7046459756146108,0.6491992044092212,0.055446771205389725,0.8512720156555773,511
556,5.2519079753932,5.420184395761999,0.16827642036879897,0.7023591536414792,0.6457705989594198,0.056588554682059394,0.8904109589041096,511
557,5.25221388238944,5.418106633211113,0.16589275082167276,0.7024438728704087,0.6493202061833862,0.053123666687022605,0.8336594911937377,511
558,5.249360115350995,5.4207984101854185,0.17143829483442374,0.704072708261062,0.6476804766561186,0.056392231604943346,0.8590998043052838,511
559,5.249348751821816,5.419640166754587,0.17029141493277145,0.7009873166570135,0.6462417708196184,0.054745545837395264,0.8708414872798435,511
560,5.252981653140904,5.419444493680479,0.16646284053957494,0.7015808371063332,0.6485714507441703,0.05300938636216282,0.8649706457925636,511
561,5.243326743542961,5.41087053143392,0.16754378789095892,0.7033498955321262,0.651059673364788,0.05229022216733817,0.8532289628180039,511
562,5.2464678601340236,5.4144452140848065,0.16797735395078295,0.7013102150936126,0.6502471932270161,0.0510630218665965,0.8493150684931506,511
563,5.250906855817344,5.41942608005311,0.1685192242357667,0.7006106569538396,0.6486925037355901,0.05191815321824983,0.8551859099804305,511
564,5.254660823583844,5.425455184986463,0.17079436140261883,0.7006591789313334,0.6467930774278782,0.053866101503455215,0.8669275929549902,511
565,5.252730732004336,5.41938886680119,0.16665813479685365,0.7020522533996042,0.648209921509831,0.0538423318897732,0.863013698630137,511
566,5.248226688127087,5.418013848281443,0.1697871601543559,0.7035070360548216,0.6491030525303917,0.05440398352442993,0.8649706457925636,511
567,5.253806856844328,5.4234077124434625,0.16960085559913463,0.703047917972238,0.6480543239904185,0.054993593981819536,0.8649706457925636,511
568,5.250998680344512,5.418649190254256,0.16765050990974384,0.7052588897258397,0.6512877437105409,0.05397114601529898,0.8493150684931506,511
569,5.252328353452105,5.421284082468309,0.16895572901620337,0.7009619471761117,0.6474093794519238,0.053552567724187955,0.8669275929549902,511
570,5.244312315073538,5.409709725318592,0.1653974102450544,0.7002554353557965,0.6479546105982561,0.05230082475754032,0.8493150684931506,511
571,5.245201329137625,5.414089579006077,0.1688882498684512,0.7030498005950885,0.6502895424346867,0.05276025816040169,0.8473581213307241,511
572,5.253121451944621,5.422032738958535,0.16891128701391356,0.7020268275036674,0.6472778022570036,0.05474902524666365,0.8590998043052838,511
573,5.250499020769057,5.4209906669890735,0.17049164622001634,0.7042971663913862,0.6484875740105933,0.055809592380792854,0.8806262230919765,511
574,5.255388435259385,5.42303347326427,0.16764503800488484,0.7016660263301213,0.6461676175639163,0.055498408766205,0.8610567514677103,511
575,5.250375434456932,5.418551490238163,0.16817605578123107,0.7024953298759988,0.6479455403817066,0.05454978949429217,0.8669275929549902,511
576,5.250308246098409,5.41672943409162,0.16642118799321093,0.7019631952306948,0.6480338202635232,0.05392937496717165,0.8493150684931506,511
577,5.253774974393936,5.417085010018863,0.16331003562492707,0.7029391019692307,0.6492217098670701,0.0537173921021606,0.8688845401174168,511
578,5.250650315969833,5.419635426329687,0.16898511035985386,0.700961116123276,0.6460964706170798,0.05486464550619626,0.8512720156555773,511
579,5.252090597928759,5.417044980143165,0.16495438221440573,0.701809950819003,0.6475654647356479,0.05424448608335514,0.87279843444227,511
580,5.2498689852106555,5.416323899949825,0.16645491473916962,0.7032184313544123,0.6492202262004229,0.05399820515398951,0.8825831702544031,511
581,5.248978309650722,5.419101614555457,0.1701233049047346,0.7025907466301998,0.6471479362452722,0.055442810384927516,0.8747553816046967,511
582,5.2526047249095384,5.422217631635607,0.16961290672606832,0.7010456622776365,0.6447963435308851,0.056249318746751466,0.8571428571428571,511
583,5.2460303053237505,5.414434453410638,0.16840414808688742,0.7035490573420997,0.6480194264284448,0.05552963091365487,0.8610567514677103,511
584,5.2485957911495165,5.415285089820111,0.1666892986705948,0.7016569782107772,0.6490956967676923,0.052561281443085014,0.8590998043052838,511
585,5.2539986747807355,5.419189826143218,0.16519115136248264,0.7009377953236073,0.6485960143451106,0.05234178097849676,0.8473581213307241,511
586,5.247820809412169,5.415529281021449,0.16770847160927982,0.7006346408746968,0.6507641773742447,0.0498704635004522,0.8434442270058709,511
587,5.261902923421494,5.427795792102987,0.16589286868149333,0.7012769813967267,0.6470679086066478,0.05420907279007879,0.8649706457925636,511
588,5.2575145213581544,5.42213696240928,0.1646224410511259,0.70276571082632,0.6489460783535949,0.05381963247272526,0.8708414872798435,511
589,5.251880554789714,5.4189476952106235,0.16706714042090987,0.7019587303219174,0.652005007937485,0.04995372238443237,0.8395303326810176,511
590,5.247195457850342,5.412650235564523,0.1654547777141806,0.7016020772012739,0.64991192001197,0.05169015718930379,0.8590998043052838,511
591,5.258416297162124,5.429595323669793,0.17117902650766936,0.7036243132408357,0.6460881232054312,0.05753619003540477,0.8864970645792564,511
592,5.239672554770098,5.410351483190735,0.17067892842063692,0.7029905252582873,0.6485441918658102,0.05444633339247696,0.8473581213307241,511
593,5.248386985325324,5.415281264247273,0.16689427892194875,0.7028698183800988,0.6482013209445557,0.05466849743554305,0.8356164383561644,511
594,5.2534188624026354,5.425462933951001,0.17204407154836598,0.7051535152083498,0.6498937964354559,0.05525971877289388,0.8904109589041096,511
595,5.245213462365841,5.414421112588539,0.16920765022269801,0.7027012887890234,0.6463561654215361,0.056345123367487315,0.8708414872798435,511
596,5.2469690066234165,5.415898871125142,0.16892986450172565,0.7051663763883327,0.6480277782227711,0.05713859816556167,0.8864970645792564,511
597,5.2504303517424455,5.424910623631564,0.1744802718891183,0.701076804098748,0.6461190760325284,0.05495772806621954,0.8708414872798435,511
598,5.25381625680768,5.421969837034456,0.16815358022677618,0.7033639271192274,0.6490739897020734,0.05428993741715374,0.8669275929549902,511
599,5.259278271110997,5.425660756575946,0.16638248546494872,0.7009706633264516,0.6461385086202054,0.054832154706246264,0.8571428571428571,511
600,5.25073014645224,5.415049129401204,0.16431898294896463,0.7020294940087545,0.6494953167225826,0.05253417728617201,0.8454011741682974,511
601,5.251862371313835,5.416562606757686,0.16470023544385093,0.7008920483451618,0.6491154833788111,0.05177656496635078,0.8434442270058709,511
602,5.250154661477792,5.417338458270716,0.16718379679292372,0.702191680261141,0.6507862589517084,0.05140542130943268,0.8512720156555773,511
603,5.24737919779496,5.416648815951821,0.1692696181568607,0.7030429016047263,0.6477302206383109,0.05531268096641541,0.8571428571428571,511
604,5.258668400335109,5.426308122007702,0.1676397216725931,0.7015608585346637,0.6466643228262956,0.05489653570836792,0.8551859099804305,511
605,5.24278897357316,5.411590360573993,0.16880138700083336,0.7032316163280283,0.6474176100901652,0.05581400623786308,0.8747553816046967,511
606,5.253730735226728,5.423222065866429,0.16949133063970034,0.7008733662157979,0.6463329121827148,0.05454045403308314,0.8532289628180039,511
607,5.259060780275513,5.423885175075064,0.1648243947995507,0.7034196368969141,0.6502037630576603,0.053215873839253885,0.8649706457925636,511
608,5.258269334326623,5.424882244209127,0.1666129098825042,0.699710335255595,0.6470161586620173,0.05269417659357753,0.8649706457925636,511
609,5.251124739521445,5.417838228303348,0.1667134887819035,0.7017802515751912,0.6463356760634714,0.05544457551171969,0.8571428571428571,511
610,5.249546849963358,5.41421996851807,0.16467311855471234,0.7031256106354953,0.6493044280714255,0.053821182564069765,0.8590998043052838,511
611,5.247149246491974,5.419174162962999,0.1720249164710248,0.7033144211165144,0.6476734807529337,0.05564094036358081,0.8688845401174168,511
612,5.255670018694945,5.423121494519816,0.16745147582487085,0.7010597405478933,0.6470524199224174,0.0540073206254759,0.8571428571428571,511
613,5.255995513029877,5.427872386685493,0.17187687365561644,0.7045304522682646,0.6490848089181289,0.055445643350135555,0.8669275929549902,511
614,5.245096783809577,5.412045628793644,0.16694884498406726,0.7017431834354695,0.6491889432096195,0.05255424022584979,0.837573385518591,511
615,5.2516590154005085,5.421406263738197,0.16974724833768828,0.7019056840741609,0.6482519643777344,0.053653719696426565,0.8512720156555773,511
616,5.2486355559388045,5.4182576409982,0.16962208505939547,0.7035557415755544,0.6505921002371495,0.052963641338404914,0.8708414872798435,511
617,5.253184919587505,5.41938406108149,0.16619914149398518,0.7030362264079676,0.6500104157564314,0.05302581065153624,0.8571428571428571,511
618,5.254076613440331,5.423921009731559,0.16984439629122772,0.7041550305898182,0.6488218964679615,0.0553331341218566,0.8395303326810176,511
619,5.252351871995862,5.4205676382290005,0.16821576623313828,0.7018493834172037,0.6476622664457284,0.054187116971475255,0.8806262230919765,511
620,5.249224148694099,5.4225225064112035,0.17329835771710478,0.7051254643276498,0.6473096124024186,0.05781585192523118,0.863013698630137,511
621,5.257446719630256,5.4214066647473445,0.16395994511708878,0.699844082348097,0.6488485405520525,0.050995541796044534,0.8434442270058709,511
622,5.250674780602511,5.4194940621984315,0.16881928159592086,0.701346220962294,0.6479226095506528,0.05342361141164124,0.8590998043052838,511
623,5.254800532738786,5.424477559135608,0.1696770263968217,0.7010787429270393,0.6472140375785186,0.05386470534852071,0.8649706457925636,511
624,5.253829660299521,5.423921873765934,0.1700922134664129,0.7040253409578863,0.6466995534993611,0.05732578745852515,0.8767123287671232,511
625,5.256303072304821,5.424414988602862,0.16811191629804156,0.7018277334760213,0.647600470488224,0.05422726298779734,0.8610567514677103,511
626,5.248714541029378,5.41898968492618,0.17027514389680132,0.7044988606359591,0.6489758909065716,0.05552296972938752,0.8864970645792564,511
627,5.2520589932310955,5.418548912749663,0.1664899195185674,0.7022176535175402,0.648420606144454,0.053797047373086,0.8512720156555773,511
628,5.255568825035295,5.42387985053979,0.16831102550449462,0.7039778350528896,0.6508580309548827,0.05311980409800698,0.8317025440313112,511
629,5.246257976418564,5.414523672244029,0.16826569582546558,0.7020540026264482,0.6482862919829476,0.053767710643500825,0.8649706457925636,511
630,5.25018499019675,5.417401238393507,0.1672162481967563,0.7008445461668933,0.648665178983596,0.05217936718329734,0.863013698630137,511
631,5.244373014502785,5.4129648560796735,0.16859184157688833,0.701893494709963,0.6467229413213577,0.055170553388605215,0.863013698630137,511
632,5.249634683317218,5.414412626551207,0.16477794323398864,0.7019202490210542,0.649799253967329,0.05212099505372515,0.8649706457925636,511
633,5.252970968976217,5.423351763132671,0.17038079415645413,0.7003068539848947,0.6471665230570984,0.05314033092779634,0.8590998043052838,511
634,5.251427748729477,5.419870945461164,0.16844319673168684,0.7035701811610694,0.6480645069464497,0.05550567421461982,0.8747553816046967,511
635,5.245368204964766,5.414653304688507,0.16928509972374073,0.7040991402782883,0.6497986797613684,0.054300460516919946,0.8649706457925636,511
636,5.254280942290302,5.422026667061786,0.16774572477148375,0.7006246956934339,0.6486481859516713,0.051976509741762635,0.8493150684931506,511
637,5.259779733291103,5.42818200265653,0.16840226936542635,0.7031301266907796,0.6478087924804693,0.05532133421031026,0.8884540117416829,511
638,5.255981492914651,5.424144975227753,0.16816348231310219,0.7037851121053951,0.6478505212554035,0.055934590849991604,0.8747553816046967,511
639,5.252249968449334,5.4180925054778895,0.16584253702855545,0.702848425103702,0.6490743044355965,0.05377412066810552,0.8551859099804305,511
640,5.248085236257504,5.4183389398255555,0.17025370356805158,0.7044250181636517,0.6505699247837975,0.053855093379854245,0.8571428571428571,511
641,5.254224363850685,5.425553534832464,0.17132917098177902,0.703716192627381,0.6498049992466578,0.05391119338072325,0.8708414872798435,511
642,5.247261432615345,5.416110642528823,0.16884920991347752,0.7029231827024298,0.6492868090506176,0.05363637365181219,0.8669275929549902,511
643,5.245021884089936,5.416897473443168,0.171875589353232,0.7019692996831387,0.6439363060582816,0.05803299362485717,0.8825831702544031,511
644,5.249313258133938,5.418380953041585,0.16906769490764706,0.7018183773354035,0.6486967895869721,0.053121587748431245,0.8590998043052838,511
645,5.244294623386316,5.412391024594681,0.16809640120836544,0.7031189791958612,0.6475998757560505,0.05551910343981072,0.8708414872798435,511
646,5.253915136333094,5.4195673420989205,0.1656522057658263,0.7006818911146397,0.6471815378409168,0.053500353273723066,0.8571428571428571,511
647,5.2512517509939896,5.419455851215706,0.1682041002217165,0.7005333862103917,0.6479397310208612,0.05259365518953048,0.8473581213307241,511
648,5.2480490835301685,5.416036622145063,0.16798753861489413,0.7011231660690029,0.6467831618371788,0.054340004231824224,0.8610567514677103,511
649,5.242419553714318,5.41279974550543,0.17038019179111252,0.7035316211732864,0.6483446883282715,0.05518693284501482,0.8454011741682974,511
650,5.250734457773928,5.41504115884992,0.16430670107599266,0.698194992640918,0.6472488997956249,0.050946092845292966,0.8512720156555773,511
651,5.251891843771926,5.420559119559712,0.1686672757877865,0.7045789357741343,0.6488740888001326,0.05570484697400161,0.8786692759295499,511
652,5.248434319363496,5.416611830288844,0.16817751092534827,0.7005645840525931,0.6490354350988075,0.0515291489537857,0.8571428571428571,511
653,5.255610176511718,5.421753618417036,0.1661434419053176,0.7004082266830918,0.6473065123217447,0.0531017143613471,0.8454011741682974,511
654,5.2470922415301535,5.418888216864161,0.1717959753340077,0.7040498080699218,0.6494511876864015,0.05459862038352031,0.8649706457925636,511
655,5.254774714851826,5.423421532418658,0.16864681756683186,0.7007371787576523,0.6483499524481463,0.05238722630950602,0.8297455968688845,511
656,5.245470919439044,5.412847217094478,0.1673762976554336,0.7013972240455522,0.6463724377334875,0.055024786312064755,0.8571428571428571,511
657,5.251997098658312,5.421189130031619,0.1691920313733073,0.7031202609007637,0.6509216647618057,0.052198596138958116,0.8473581213307241,511
658,5.253344824079636,5.423251117507747,0.16990629342811125,0.7031852897320323,0.6480730192017481,0.05511227053028426,0.8747553816046967,511
659,5.251264042629982,5.418035972387432,0.16677192975744948,0.7027739386150339,0.6490356214903149,0.05373831712471899,0.8551859099804305,511
660,5.246612592957417,5.414864973419651,0.168252380462234,0.7026892347795844,0.646104562647306,0.05658467213227842,0.8806262230919765,511
661,5.253688617267713,5.420479994777756,0.16679137751004358,0.6988836649810946,0.6480583928669323,0.050825272114162136,0.8454011741682974,511
662,5.251911407500056,5.420454538075906,0.16854313057585024,0.7003343897790577,0.6466284372036694,0.0537059525753882,0.8708414872798435,511
663,5.253246843429752,5.419453345122857,0.16620650169310558,0.7011569560986171,0.6476043440047833,0.053552612093833794,0.8610567514677103,511
664,5.252668077215269,5.420032262610909,0.16736418539564024,0.7039724574531127,0.6473683196808453,0.05660413777226719,0.8825831702544031,511
665,5.2485725974894315,5.416838589606422,0.16826599211699023,0.7042578221264678,0.6502135297487859,0.05404429237768202,0.8767123287671232,511
666,5.249543708630628,5.416995304048533,0.167451595417905,0.7034924610069445,0.6495362700459433,0.053956190961001294,0.87279843444227,511
667,5.253396127889809,5.421251327573374,0.16785519968356422,0.7033858646320562,0.6494698234183798,0.0539160412136763,0.8610567514677103,511
668,5.2519607942386966,5.418349131593183,0.1663883373544861,0.7020638187347387,0.6476969515947351,0.05436686714000362,0.8708414872798435,511
669,5.248319026539742,5.414529773307349,0.1662107467676064,0.7010216821334914,0.6480084085543171,0.053013273579174194,0.8512720156555773,511
670,5.254209309883972,5.426687099445614,0.17247778956164161,0.70368433399636,0.6473065498533769,0.05637778414298323,0.8786692759295499,511
671,5.252753630141321,5.421897913094338,0.16914428295301764,0.7026802335024567,0.6478039831190274,0.05487625038342936,0.8532289628180039,511
672,5.25329469590612,5.419210850770864,0.16591615486474431,0.7029823599356738,0.6491558165333964,0.05382654340227743,0.8395303326810176,511
673,5.2583641471827836,5.427303182512586,0.16893903532980215,0.7011362961498825,0.6459874273782478,0.0551488687716347,0.8708414872798435,511
674,5.250111840404795,5.415509027429688,0.16539718702489292,0.7025583468106141,0.65016227903784,0.05239606777277409,0.863013698630137,511
675,5.24559088236579,5.413717929068744,0.16812704670295364,0.7015496946615324,0.6477692232840158,0.053780471377516514,0.8512720156555773,511
676,5.249928255054932,5.417466109757347,0.1675378547024149,0.7019292343076247,0.6497193699102309,0.05220986439739383,0.8708414872798435,511
677,5.259113763999894,5.425829010016392,0.16671524601649867,0.7009988959036199,0.6484974085902899,0.052501487313329875,0.8610567514677103,511
678,5.253009906070658,5.419364024221227,0.16635411815056855,0.7026910158534876,0.6479761020901448,0.05471491376334291,0.8767123287671232,511
679,5.247392747468616,5.417888545429191,0.1704957979605748,0.704078573307431,0.6489171891569339,0.05516138415049703,0.863013698630137,511
680,5.2573290752268536,5.424748342635753,0.16741926740889923,0.7017575067485897,0.6492477565536756,0.052509750194914134,0.8473581213307241,511
681,5.2391584992636115,5.411331356642563,0.1721728573789516,0.7047767903979445,0.6474022185399707,0.05737457185797386,0.8747553816046967,511
682,5.25111147303273,5.418914541655006,0.167803068622276,0.7040363010633109,0.64973189702248,0.054304404040831,0.8414872798434442,511
683,5.248550183458497,5.415354638291345,0.16680445483284778,0.7040148161266178,0.6486329176714942,0.05538189845512353,0.863013698630137,511
684,5.251492536438283,5.420567658932785,0.16907512249450196,0.7025799535326364,0.6488711063038628,0.0537088472287737,0.8532289628180039,511
685,5.246431338405921,5.420255515015388,0.17382417660946636,0.7044841486010701,0.6501795415211729,0.05430460707989731,0.8512720156555773,511
686,5.2543299876156935,5.4223215494567585,0.167991561841065,0.700813592223852,0.6465704042775571,0.0542431879462951,0.8532289628180039,511
687,5.246895510367603,5.416815258065122,0.16991974769751916,0.6993326545714177,0.6469725601831999,0.05236009438821769,0.8571428571428571,511
688,5.242743662556517,5.412769777089557,0.17002611453303995,0.7028680115267638,0.646223108829919,0.056644902696844884,0.8669275929549902,511
689,5.254556256287766,5.420221183487837,0.16566492720007098,0.7012765778641319,0.6486299736738017,0.052646604190330126,0.8610567514677103,511
690,5.252206965428242,5.419337820021416,0.16713085459317334,0.7028917758815062,0.6489536120492616,0.053938163832244486,0.8571428571428571,511
691,5.262035534112592,5.424454862334257,0.16241932822166483,0.6995232193988165,0.6469797784508907,0.05254344094792563,0.8395303326810176,511
692,5.250996042103946,5.420201519825968,0.16920547772202177,0.7037482182090853,0.6493331040048691,0.05441511420421631,0.8532289628180039,511
693,5.2480429157431345,5.4166657803804625,0.168622864637328,0.7019622526440248,0.6498665509619126,0.052095701682112264,0.8336594911937377,511
694,5.251272429450395,5.418184787751717,0.1669123583013219,0.7027051249065285,0.649702919211593,0.05300220569493554,0.8571428571428571,511
695,5.248015882571388,5.414846269437112,0.1668303868657235,0.7023505466023127,0.6504485689159003,0.05190197768641236,0.8610567514677103,511
696,5.253352274504039,5.420073454002056,0.16672117949801724,0.7022764671858693,0.6480255031538628,0.05425096403200652,0.8688845401174168,511
697,5.262683241515609,5.428106460894821,0.16542321937921134,0.7012200220743805,0.6463459451074659,0.05487407696691451,0.87279843444227,511
698,5.254515298315395,5.423173016985419,0.16865771867002355,0.7029002463144234,0.6475230514783021,0.055377194836121336,0.8669275929549902,511
699,5.245459396147706,5.418556913054024,0.17309751690631803,0.7034146263520038,0.6481385061520714,0.05527612019993242,0.8590998043052838,511
700,5.249996321132213,5.416636131567236,0.16663981043502307,0.7020460308591561,0.6494249546569122,0.052621076202243905,0.8512720156555773,511
701,5.252089417137897,5.417457398547445,0.16536798140954723,0.7021135278243826,0.6480258147540151,0.05408771307036747,0.8649706457925636,511
702,5.252258617790342,5.421154838139727,0.16889622034938512,0.7041019300108737,0.6504735718627348,0.053628358148138836,0.8669275929549902,511
703,5.2526849917546725,5.420749133101108,0.16806414134643521,0.7034559629384068,0.6487494323612522,0.05470653057715463,0.8532289628180039,511
704,5.251322084490225,5.4180874795517555,0.16676539506153087,0.7002471349199157,0.6488904676606051,0.05135666725931077,0.8454011741682974,511
705,5.250377252842574,5.419029460541356,0.16865220769878242,0.7022751276434274,0.6486041777016821,0.053670949941745205,0.8551859099804305,511
706,5.244826403045384,5.413994405301335,0.16916800225595097,0.7014071647848683,0.6472024705918409,0.0542046941930274,0.87279843444227,511
707,5.242558420423772,5.413386420627897,0.17082800020412492,0.7056403508515335,0.6490061298741103,0.05663422097742326,0.8747553816046967,511
708,5.25233149902694,5.416913056956553,0.1645815579296137,0.7011183629255621,0.6502963236318545,0.05082203929370758,0.8434442270058709,511
709,5.249067256340109,5.41495275669995,0.16588550035984095,0.7026602602591386,0.6488618848955618,0.053798375363576775,0.8649706457925636,511
710,5.245640409664048,5.4106292548006625,0.16498884513661416,0.7004581078118581,0.6485145947309385,0.05194351308091969,0.8454011741682974,511
711,5.251729488630732,5.422064656923418,0.17033516829268525,0.7021369574504344,0.6492036482256592,0.052933309224775134,0.8532289628180039,511
712,5.248550049822654,5.416718554092512,0.16816850426985752,0.7033233263259777,0.6487867737340981,0.05453655259187964,0.8688845401174168,511
713,5.2485999872639715,5.416962404461751,0.16836241719777956,0.7032994864209852,0.6505775888589774,0.05272189756200793,0.8590998043052838,511
714,5.248326785885493,5.413338362035656,0.16501157615016293,0.7024061084760308,0.6484726007482973,0.05393350772773327,0.8590998043052838,511
715,5.250419963581283,5.41744860158462,0.16702863800333656,0.7033502360162985,0.649549592625688,0.05380064339061048,0.8610567514677103,511
716,5.246103857328456,5.414098984283723,0.16799512695526708,0.702711140834372,0.6494347696865851,0.0532763711477869,0.8297455968688845,511
717,5.25011268544929,5.417360468563467,0.16724778311417676,0.7000932634323015,0.6482250297925589,0.051868233639742585,0.8414872798434442,511
718,5.252049648974302,5.420803544362599,0.16875389538829655,0.6995357321389966,0.6470203733622982,0.05251535877669836,0.8454011741682974,511
719,5.2453155375161185,5.4172280831729775,0.1719125456568591,0.7043601682698819,0.6486292815466773,0.055730886723204524,0.8708414872798435,511
720,5.251726856165284,5.417095665391594,0.16536880922630992,0.7007741999886224,0.6487444497894638,0.052029750199158696,0.8434442270058709,511
721,5.255369122231785,5.42070367947279,0.165334557241005,0.7022264048120334,0.6491011247293252,0.05312528008270826,0.863013698630137,511
722,5.251600067799107,5.415520436309856,0.1639203685107491,0.7017741807160632,0.6498829178753973,0.05189126284066583,0.8532289628180039,511
723,5.2456121456796705,5.412212199395933,0.1666000537162624,0.7033141698388965,0.6490040082043587,0.05431016163453797,0.8669275929549902,511
724,5.247888688854138,5.415836984632517,0.16794829577837955,0.7020035898998467,0.6491498375851358,0.05285375231471082,0.8532289628180039,511
725,5.247025330000726,5.416880378367023,0.16985504836629683,0.7046643975383043,0.6493728985217071,0.055291499016597224,0.8551859099804305,511
726,5.243597378738743,5.416432857637404,0.17283547889866124,0.7033201422935252,0.6488460244871539,0.054474117806371306,0.8688845401174168,511
727,5.2536953983628125,5.422809382926426,0.16911398456361315,0.7027702890754894,0.6488407936147657,0.05392949546072375,0.8747553816046967,511
728,5.254876408612418,5.421075168344741,0.1661987597323229,0.7016364715093071,0.6458637961969723,0.055772675312334846,0.8571428571428571,511
729,5.251073050114811,5.4223416646809515,0.17126861456614062,0.7015381916559662,0.6473116037029876,0.054226587952978654,0.8473581213307241,511
730,5.24946553013183,5.414002679419674,0.16453714928784446,0.7023148029775711,0.6469148636844952,0.05539993929307599,0.8688845401174168,511
731,5.24208524854537,5.410513364821112,0.1684281162757415,0.7028952249815096,0.6488319314721102,0.05406329350939944,0.8806262230919765,511
732,5.250448713514046,5.418865599377931,0.16841688586388504,0.70106904457589,0.6479270820582177,0.05314196251767222,0.8610567514677103,511
733,5.248064272301316,5.4223174822450355,0.1742532099437195,0.7024516110616161,0.6480151405016369,0.05443647055997927,0.8649706457925636,511
734,5.258934467515627,5.4268736986318675,0.16793923111624043,0.7001106077307444,0.6472523860841067,0.05285822164663771,0.837573385518591,511
735,5.249761635973272,5.420420109099833,0.17065847312656146,0.7021928831888525,0.6470267658017189,0.05516611738713369,0.863013698630137,511
736,5.245141164963101,5.410221922250404,0.16508075728730276,0.7033564786946929,0.648521201647279,0.054835277047413866,0.8669275929549902,511
737,5.251222213702904,5.413505741416503,0.16228352771359944,0.701930010673595,0.6501015889526215,0.05182842172097331,0.8493150684931506,511
738,5.253565278249675,5.419387803121876,0.16582252487220117,0.699401007353532,0.6455239857726188,0.053877021580913155,0.8493150684931506,511
739,5.2509755394782935,5.419949248669568,0.16897370919127486,0.7024212687941529,0.6500411435841487,0.05238012521000419,0.8395303326810176,511
740,5.251825981689603,5.419650033220773,0.16782405153116997,0.7036871100124156,0.6486427728054159,0.05504433720699975,0.8551859099804305,511
741,5.255426015054236,5.423032329020591,0.16760631396635528,0.7014947250465825,0.6483406188544355,0.05315410619214686,0.87279843444227,511
742,5.248211753075513,5.4179079300870026,0.16969617701148998,0.703118659918791,0.6499132128695042,0.05320544704928672,0.8434442270058709,511
743,5.251612112576238,5.421353182547707,0.16974106997146876,0.7023481515096527,0.6504390906532254,0.05190906085642729,0.8649706457925636,511
744,5.255419550246583,5.422725486497879,0.16730593625129586,0.7038889766480455,0.6489791126311585,0.054909864016886974,0.8688845401174168,511
745,5.24831054216091,5.417133266055446,0.1688227238945359,0.7032863703985568,0.6486781876393053,0.0546081827592515,0.8669275929549902,511
746,5.25029085538784,5.41793101106209,0.16764015567424995,0.7034992950159339,0.6498867084839878,0.05361258653194596,0.8688845401174168,511
747,5.253005585563825,5.424775636240313,0.17177005067648832,0.702586464984416,0.648297542035572,0.054288922948844076,0.8669275929549902,511
748,5.246527752970861,5.416543041444753,0.17001528847389213,0.7031218546138944,0.6501920274136022,0.05292982720029238,0.8493150684931506,511
749,5.255247524021089,5.426180808673366,0.17093328465227664,0.7018006388384456,0.6469173411882984,0.05488329765014718,0.863013698630137,511
750,5.249054791279635,5.415896926566261,0.16684213528662628,0.7040066814258511,0.6485955480675304,0.05541113335832065,0.8551859099804305,511
751,5.244622600425528,5.413020256965362,0.16839765653983463,0.7029542332135218,0.6494984237147993,0.053455809498722535,0.8571428571428571,511
752,5.253257215193985,5.417546111888118,0.16428889669413316,0.7033309634061187,0.6498429130838153,0.05348805032230344,0.8434442270058709,511
753,5.242195326236176,5.4134657643327335,0.17127043809655795,0.7048088416761467,0.648956967024647,0.05585187465149978,0.8669275929549902,511
754,5.260451702342274,5.429089312766567,0.16863761042429282,0.6999581623304328,0.646562302780271,0.05339585955016173,0.8669275929549902,511
755,5.249840585880332,5.416036528690796,0.16619594281046446,0.7022401871866027,0.6488197654076912,0.05342042177891156,0.8610567514677103,511
756,5.261210890463204,5.425593185114859,0.16438229465165488,0.70033570804329,0.6478677114274807,0.05246799661580947,0.8512720156555773,511
757,5.253159058044242,5.420251747935037,0.1670926898907945,0.7019783263757602,0.6474713987394016,0.05450692763635851,0.8767123287671232,511
758,5.250184322682015,5.417681466720018,0.16749714403800287,0.7012040498050979,0.6493059164195581,0.05189813338553972,0.8590998043052838,511
759,5.247569607311993,5.4171074483146775,0.16953784100268443,0.702347911279023,0.6461632587864719,0.05618465249255106,0.8610567514677103,511
760,5.246125780322443,5.412409121617432,0.16628334129498867,0.7036712582868486,0.6501443629049429,0.053526895381905706,0.8649706457925636,511
761,5.261344187008732,5.426920081351439,0.16557589434270703,0.7007258430571932,0.6483961026685918,0.05232974038860139,0.8493150684931506,511
762,5.250616951378148,5.418228438801771,0.1676114874236232,0.7045867389392132,0.6499245903423839,0.05466214859682924,0.863013698630137,511
763,5.249555681846455,5.423023119074346,0.17346743722789082,0.7032769819106284,0.6483396741644257,0.05493730774620282,0.863013698630137,511
764,5.253912445632735,5.424151093864328,0.17023864823159318,0.7016713344317664,0.6490798913503472,0.052591443081419366,0.87279843444227,511
765,5.254836519594497,5.42271777573925,0.1678812561447529,0.7011696409729825,0.6468251247471725,0.05434451622581005,0.8551859099804305,511
766,5.252355830606482,5.419709697966887,0.16735386736040514,0.7040201009322645,0.6476292658716767,0.05639083506058782,0.8747553816046967,511
767,5.250810180326151,5.417460139152816,0.16664995882666478,0.7010554192929376,0.6475472338941399,0.05350818539879777,0.8669275929549902,511
768,5.242707073591545,5.4145325724567215,0.17182549886517684,0.7040403722090508,0.6481158195222533,0.0559245526867974,0.863013698630137,511
769,5.2549948999434495,5.423326416196632,0.16833151625318266,0.7010776750549013,0.649195193712877,0.051882481342024236,0.8493150684931506,511
770,5.2551513185440175,5.421443217529972,0.1662918989859543,0.7022524686933914,0.6465303668536725,0.05572210183971887,0.8708414872798435,511
771,5.252077555433785,5.418901718497509,0.1668241630637235,0.7027380862442946,0.648219119085926,0.054518967158368466,0.8571428571428571,511
772,5.255143216369198,5.423538661263654,0.16839544489445668,0.7019042609999739,0.6483680671003527,0.05353619389962117,0.8434442270058709,511
773,5.258947168243805,5.4260764391925695,0.16712927094876484,0.7007549810702193,0.6460425588256024,0.054712422244616706,0.8395303326810176,511
774,5.244889542621835,5.409647618205535,0.16475807558370015,0.7027575735128987,0.6488052073891201,0.053952366123778565,0.8669275929549902,511
775,5.2513131867076535,5.420603540317547,0.16929035360989353,0.7049875220626864,0.6518498258442834,0.05313769621840305,0.8493150684931506,511
776,5.253801744856929,5.417672000193712,0.163870255336783,0.7028911644141257,0.6491353735715738,0.053755790842552165,0.8669275929549902,511
777,5.255314371725129,5.420558263352451,0.16524389162732156,0.7011613072172663,0.6482239046242936,0.05293740259297275,0.8512720156555773,511
778,5.253593066450028,5.4220504392782924,0.16845737282826434,0.6989037232452839,0.6450498634663563,0.053853859778927655,0.8532289628180039,511
779,5.246158849960904,5.412307767038784,0.16614891707788004,0.7027549079595301,0.6483113060976523,0.05444360186187794,0.8571428571428571,511
780,5.251303040093595,5.424356954845065,0.17305391475146958,0.7039895433433818,0.6452213356105734,0.05876820773280844,0.8747553816046967,511
781,5.25302311911949,5.419613081780556,0.16658996266106563,0.7016021728957069,0.6480231502675406,0.05357902262816641,0.8767123287671232,511
782,5.2533267966547275,5.423883112745906,0.1705563160911785,0.7036072903245544,0.6496813866755511,0.05392590364900329,0.8493150684931506,511
783,5.243892551300128,5.4132965840346285,0.16940403273450055,0.7036478134382779,0.6479506213026279,0.055697192135649894,0.8649706457925636,511
784,5.251277416087656,5.423098613973246,0.17182119788559014,0.7029588371929943,0.6449391873379424,0.058019649855052,0.8669275929549902,511
785,5.247326709047314,5.415980363613216,0.16865365456590187,0.7052693482885222,0.6476801387394904,0.05758920954903175,0.8649706457925636,511
786,5.255034775786975,5.4237599701666275,0.16872519437965217,0.701029260100302,0.6480123804623893,0.05301687963791279,0.8473581213307241,511
787,5.249682466733636,5.418537421019154,0.16885495428551867,0.7022112747342028,0.6483724931770892,0.0538387815571134,0.8493150684931506,511
788,5.252984338643516,5.422660403044461,0.16967606440094496,0.7014108879125679,0.6491103330351935,0.052300554877374325,0.8571428571428571,511
789,5.251178892421615,5.421413067309251,0.1702341748876357,0.7040331495511614,0.6503003454880683,0.05373280406309312,0.837573385518591,511
790,5.251552609807817,5.418336176612122,0.1667835668043054,0.7031063099452307,0.650667169772714,0.052439140172516746,0.8610567514677103,511
791,5.250039203207125,5.4166284090884504,0.16658920588132542,0.7009420995002502,0.6500147570934665,0.05092734240678385,0.8454011741682974,511
792,5.253161404188445,5.421285082237015,0.16812367804856976,0.7029052034083407,0.6470025915741761,0.05590261183416474,0.8884540117416829,511
793,5.2468912979693005,5.416183474105581,0.16929217613628023,0.7020637630713347,0.6486653421067695,0.053398420964565055,0.8669275929549902,511
794,5.248325777569402,5.414390355632235,0.1660645780628327,0.7011279220271205,0.6476400094566102,0.05348791257051046,0.8610567514677103,511
795,5.249836972089339,5.418288054292717,0.16845108220337845,0.7006112502596519,0.647976974922844,0.05263427533680791,0.8512720156555773,511
796,5.254450932634574,5.4230667137247055,0.1686157810901312,0.7010802147388824,0.6475936116910707,0.05348660304781181,0.863013698630137,511
797,5.254990245132113,5.422765747242928,0.16777550211081493,0.7005836586892324,0.6487876331014728,0.05179602558775951,0.8434442270058709,511
798,5.248951003548134,5.418028988971229,0.16907798542309482,0.7026972998731853,0.6503121025676045,0.05238519730558069,0.8669275929549902,511
799,5.2527082188969105,5.419442411956278,0.16673419305936754,0.6993040668161981,0.6458862640601823,0.05341780275601568,0.8708414872798435,511
800,5.247847591946889,5.4122040107195195,0.16435641877263052,0.7022619488135471,0.6503595728700379,0.05190237594350942,0.8571428571428571,511
801,5.257405634072705,5.424183010456873,0.166777376384168,0.7008280351495075,0.647633821658863,0.05319421349064442,0.8512720156555773,511
802,5.256078505324225,5.422020454611555,0.16594194928733064,0.7013770943434493,0.6474646177298478,0.0539124766136014,0.8590998043052838,511
803,5.247810579449329,5.419185701430777,0.17137512198144833,0.7043422741628883,0.6463943271004255,0.057947947062462805,0.87279843444227,511
804,5.254209970196283,5.42160162016903,0.16739164997274703,0.7002208435323319,0.6465627680248246,0.05365807550750722,0.8571428571428571,511
805,5.250400545842518,5.421338187211967,0.17093764136944944,0.7035280783139883,0.6500013679444969,0.05352671036949133,0.8669275929549902,511
806,5.254981079602354,5.420942199076091,0.16596111947373693,0.701734281970728,0.6487841815268535,0.052950100443874625,0.8512720156555773,511
807,5.251817396335459,5.416267887953486,0.1644504916180276,0.7012877877540691,0.6484833252135075,0.05280446254056161,0.8532289628180039,511
808,5.2511479230429465,5.4183832372260206,0.16723531418307402,0.7006963006435268,0.6465133715256036,0.05418292911792328,0.8669275929549902,511
809,5.246906069714792,5.414552119294434,0.16764604957964213,0.7012400442134318,0.6477871619676824,0.05345288224574951,0.8571428571428571,511
810,5.255493206184553,5.424132512993398,0.16863930680884476,0.7026274607789136,0.6496125949354642,0.053014865843449464,0.8669275929549902,511
811,5.248879372869111,5.417182653918885,0.16830328104977355,0.7046062138762533,0.6511986451052414,0.053407568771011826,0.8610567514677103,511
812,5.253326755541769,5.423921742309651,0.17059498676788198,0.7019243126719792,0.6494827624446995,0.05244155022727963,0.8512720156555773,511
813,5.252354478412521,5.419051193299268,0.1666967148867471,0.7018347620707001,0.6490839653391605,0.052750796731539616,0.8512720156555773,511
814,5.253792909840627,5.422175700665835,0.16838279082520824,0.7051410325215415,0.649545708105229,0.055595324416312424,0.8454011741682974,511
815,5.251657429629,5.420126816288404,0.16846938665940403,0.7004298413808442,0.6456299078572151,0.054799933523629156,0.8767123287671232,511
816,5.253291807128701,5.420434269529655,0.1671424624009541,0.7009360850294155,0.6471023071711038,0.05383377785831165,0.8571428571428571,511
817,5.253688174079136,5.425470137618685,0.17178196353954878,0.6997369209397177,0.6451548125403911,0.05458210839932671,0.8454011741682974,511
818,5.252910292657335,5.417561289153587,0.1646509964962526,0.7007942227929989,0.6473699351113034,0.053424287681695735,0.8610567514677103,511
819,5.242215022797932,5.416073314747689,0.17385829194975688,0.7047275105697833,0.6477983955372837,0.05692911503249969,0.8590998043052838,511
820,5.257627087524949,5.4260083070334515,0.16838121950850216,0.7016838219511994,0.6451969371396606,0.05648688481153866,0.8688845401174168,511
821,5.253266036562954,5.425691369179306,0.17242533261635185,0.7033964936699781,0.6493758311198758,0.054020662550102294,0.8551859099804305,511
822,5.257068718705652,5.421803411317387,0.16473469261173523,0.7013329546850058,0.6468770675660547,0.054455887118950934,0.8571428571428571,511
823,5.253019046847698,5.421179568491066,0.16816052164336792,0.7061679028941632,0.6523452195872613,0.05382268330690195,0.8649706457925636,511
824,5.249077456531422,5.420536844940211,0.17145938840878916,0.7001225655024258,0.6475640631113687,0.05255850239105703,0.8649706457925636,511
825,5.246597974762213,5.414606395508179,0.16800842074596645,0.7042758002993195,0.6497703727097054,0.054505427589614235,0.8590998043052838,511
826,5.252813383979997,5.41828174798321,0.16546836400321308,0.7017487478666722,0.6481318141724716,0.05361693369420069,0.863013698630137,511
827,5.24609264605121,5.415766202762536,0.16967355671132633,0.7034254107317849,0.6492894797337702,0.05413593099801476,0.8610567514677103,511
828,5.25001363874328,5.4204892157770175,0.17047557703373784,0.7025688378002474,0.6504636042581196,0.05210523354212773,0.8493150684931506,511
829,5.253295882997025,5.419146147941776,0.16585026494475041,0.7013677112540758,0.6479107881064364,0.05345692314763955,0.8571428571428571,511
830,5.2551155396604505,5.421201003861779,0.16608546420132875,0.7003495974920311,0.6461392459838552,0.054210351508176005,0.8610567514677103,511
831,5.244387871063884,5.414667750342952,0.17027987927906807,0.7037473722631487,0.649934825736703,0.05381254652644564,0.8590998043052838,511
832,5.253557920884726,5.421727297620045,0.16816937673531918,0.704265980236832,0.6501679032548082,0.054098076982023874,0.8610567514677103,511
833,5.244793439135829,5.416340790675038,0.17154735153920964,0.7036039866299059,0.6483832033632635,0.05522078326664234,0.8571428571428571,511
834,5.251096590634081,5.418104649163494,0.16700805852941336,0.7022013530870775,0.6495667446417381,0.05263460844533921,0.8590998043052838,511
835,5.246685280029199,5.415767374961018,0.16908209493181836,0.7022333852782215,0.6491013142885119,0.053132070989709575,0.8493150684931506,511
836,5.242809999183088,5.412634423828391,0.16982442464530312,0.7056728595207354,0.6489952267558837,0.056677632764851625,0.8904109589041096,511
837,5.245211043213946,5.416234055358749,0.1710230121448033,0.7043356947012867,0.649961011192026,0.05437468350926067,0.8786692759295499,511
838,5.25200970856238,5.421420447195256,0.1694107386328767,0.7025605474466571,0.6490248597546031,0.053535687692053954,0.8571428571428571,511
839,5.2518032662032645,5.419939739874968,0.16813647367170326,0.7027326263853853,0.6482636856062968,0.05446894077908844,0.8571428571428571,511
840,5.246737454600688,5.411394440790398,0.16465698618971025,0.7006138750891779,0.6486556578007856,0.051958217288392346,0.8688845401174168,511
841,5.252820034132828,5.419537689528822,0.1667176553959937,0.70094795987268,0.6481369054059649,0.052811054466715086,0.8571428571428571,511
842,5.250511574157419,5.418215643977821,0.16770406982040242,0.7048378834986527,0.6509464043219964,0.05389147917665631,0.8551859099804305,511
843,5.256031228787839,5.424319819902849,0.1682885911150107,0.7009456268264079,0.6482754481693036,0.05267017865710439,0.8512720156555773,511
844,5.249562913802513,5.416864842972143,0.16730192916963027,0.7028549177252954,0.6492236357438788,0.05363128198141669,0.8473581213307241,511
845,5.249168533623439,5.418554697632514,0.16938616400907502,0.7045831016831742,0.6488294428085275,0.05575365887464664,0.8649706457925636,511
846,5.251794470100533,5.41933928966594,0.167544819565407,0.7039521413304866,0.6500956779489706,0.05385646338151589,0.8512720156555773,511
847,5.248040900187847,5.411020910838766,0.1629800106509185,0.7017767763101778,0.6464988292452984,0.055277947064879485,0.8688845401174168,511
848,5.254278793975269,5.423292900954279,0.16901410697901031,0.7019985870090967,0.6482551903216931,0.05374339668740377,0.87279843444227,511
849,5.242508142151131,5.412308120030256,0.16979997787912549,0.7028054233186376,0.6498400368294517,0.0529653864891859,0.8532289628180039,511
850,5.250271763725036,5.421119988695958,0.17084822497092222,0.7036770144975713,0.6494698589802642,0.054207155517307044,0.8786692759295499,511
851,5.256370730196402,5.419684457163061,0.1633137269666589,0.702230331282938,0.6483349175759883,0.05389541370694976,0.8571428571428571,511
852,5.242245790681511,5.413869104234651,0.1716233135531402,0.7016509370585505,0.6471881104715437,0.054462826587006755,0.8688845401174168,511
853,5.2562720354159955,5.419576850550456,0.1633048151344605,0.7005113408141735,0.6480995939416306,0.05241174687254298,0.8512720156555773,511
854,5.25125023773977,5.420031136519593,0.16878089877982294,0.7022579029459995,0.6473402650065039,0.05491763793949564,0.863013698630137,511
855,5.251561793958808,5.42033762860021,0.16877583464140233,0.7018708598769985,0.6479435494417652,0.05392731043523327,0.8649706457925636,511
856,5.253024069168546,5.42161171878884,0.16858764962029404,0.7024182089168233,0.6479525288803707,0.05446568003645267,0.8590998043052838,511
857,5.2475354374826235,5.416193016050007,0.16865757856738384,0.7029812124318833,0.6496528602739213,0.05332835215796186,0.8571428571428571,511
858,5.24783052325001,5.416653495114051,0.16882297186404127,0.7026119934191534,0.649893192648432,0.052718800770721205,0.8571428571428571,511
859,5.249851355743587,5.41685518918878,0.1670038334451931,0.7040750205410825,0.6490772203523593,0.05499780018872323,0.8590998043052838,511
860,5.256599842400642,5.422015846936976,0.16541600453633354,0.702585927552805,0.6484559270540496,0.054130000498755264,0.863013698630137,511
861,5.249123207525827,5.418873507090189,0.16975029956436227,0.7040244984431392,0.6470352236729217,0.05698927477021761,0.8845401174168297,511
862,5.251615443762331,5.421489768109665,0.16987432434733396,0.7017579553833438,0.6466361184009861,0.055121836982357536,0.8590998043052838,511
863,5.245726317862899,5.413614548592699,0.1678882307298002,0.701359663451496,0.6474943172831886,0.053865346168307376,0.8688845401174168,511
864,5.253249577255537,5.421641624173477,0.16839204691793963,0.7022972629769005,0.646517245200227,0.05578001777667358,0.8806262230919765,511
865,5.260767620540054,5.424112843014979,0.16334522247492433,0.7005919404846344,0.6495284691596799,0.05106347132495439,0.8708414872798435,511
866,5.250878081378681,5.417002241803172,0.1661241604244914,0.7024280852481996,0.6495913025728384,0.05283678267536118,0.8473581213307241,511
867,5.2542899077606595,5.419397514679552,0.1651076069188928,0.700391356482357,0.6487172297974283,0.051674126684928656,0.837573385518591,511
868,5.251027670913149,5.42210892773318,0.17108125682003106,0.7031296098108533,0.6475591181572672,0.05557049165358627,0.8532289628180039,511
869,5.26080031138175,5.423915358178363,0.16311504679661226,0.6998902258965548,0.6487389486789684,0.051151277217586416,0.8414872798434442,511
870,5.257123856089593,5.423335045815661,0.1662111897260683,0.7019781347979767,0.6478106203156593,0.054167514482317526,0.8610567514677103,511
871,5.2551627566550145,5.423890156617787,0.16872739996277275,0.7025598982670846,0.6477168074229669,0.054843090844117606,0.8532289628180039,511
872,5.257319361628355,5.424761993784515,0.16744263215616062,0.701452389347526,0.6470082694240409,0.054444119923485045,0.837573385518591,511
873,5.254204012753622,5.418637052187312,0.16443303943368992,0.7024048633122855,0.6484230923875915,0.05398177092469401,0.8708414872798435,511
874,5.251528164230189,5.41868916574291,0.16716100151272073,0.7023931123258249,0.6477838878929294,0.05460922443289565,0.8610567514677103,511
875,5.250395451583813,5.418246779309176,0.16785132772536304,0.7044098785049182,0.6501158055140545,0.05429407299086372,0.837573385518591,511
876,5.248402908061417,5.416813073641396,0.16841016557997968,0.7021254919334454,0.6473087415082205,0.054816750425224894,0.8669275929549902,511
877,5.246885322597654,5.415058996127797,0.16817367353014312,0.7017930699281089,0.6477446928476766,0.05404837708043235,0.8571428571428571,511
878,5.2501582481347775,5.418457419666148,0.16829917153137064,0.7034336558950119,0.6483039811509916,0.055129674744020335,0.8747553816046967,511
879,5.254905210998677,5.424317309126134,0.16941209812745672,0.701230581403569,0.6489641579718317,0.05226642343173721,0.8571428571428571,511
880,5.247540057701305,5.414607027494501,0.16706696979319613,0.7003707587953294,0.6469377767606608,0.05343298203466868,0.8473581213307241,511
881,5.252172504072089,5.4201652284621815,0.16799272439009272,0.7050662061151547,0.6490685878738857,0.055997618241269,0.8590998043052838,511
882,5.251561649878386,5.419111146854681,0.16754949697629495,0.7041407207535336,0.649810530331847,0.05433019042168664,0.8610567514677103,511
883,5.24646371620377,5.414251822213099,0.16778810600932825,0.702763146601938,0.6470006860389864,0.0557624605629517,0.8669275929549902,511
884,5.255029248988098,5.421011503449132,0.1659822544610341,0.7006929598519923,0.6486314365330893,0.05206152331890297,0.8395303326810176,511
885,5.245552568050536,5.408069578219656,0.16251701016912,0.701477674717207,0.6493521598603252,0.05212551485688181,0.8414872798434442,511
886,5.25156090548468,5.419783550563299,0.16822264507861906,0.701979248073319,0.6476815890247724,0.054297659048546776,0.8708414872798435,511
887,5.249848771198185,5.418212883319114,0.16836411212092894,0.7005498940806709,0.6480764199550862,0.0524734741255848,0.8356164383561644,511
888,5.247620809474505,5.41529494551691,0.16767413604240566,0.7037298445290351,0.6479204712300259,0.05580937329900904,0.8708414872798435,511
889,5.254082602342218,5.419480494467571,0.16539789212535272,0.7012562572867045,0.647654604369116,0.05360165291758846,0.8551859099804305,511
890,5.246733340765202,5.413821765755849,0.1670884249906477,0.7015501075944768,0.6493664987229055,0.05218360887157128,0.8434442270058709,511
891,5.254107554696586,5.423335254502795,0.16922769980620878,0.7005531320437903,0.64458977977052,0.055963352273270366,0.8806262230919765,511
892,5.260733513641024,5.430563226628419,0.16982971298739535,0.7018409256843108,0.6467554432084142,0.05508548247589665,0.863013698630137,511
893,5.252034158918681,5.417532420781681,0.1654982618630001,0.703311968002215,0.6498274191832034,0.05348454881901158,0.8551859099804305,511
894,5.255287944596703,5.419056135957605,0.16376819136090148,0.7015962433009205,0.6499623455229387,0.05163389777798187,0.8454011741682974,511
895,5.2473742799984056,5.416244949635913,0.1688706696375073,0.7025715272027345,0.6492290847735578,0.05334244242917659,0.8708414872798435,511
896,5.246540166705689,5.415920598928665,0.16938043222297594,0.7018152529329797,0.6464957048827445,0.05531954805023519,0.8649706457925636,511
897,5.244152190667195,5.411762754194941,0.16761056352774606,0.7038920905811804,0.6500307614254085,0.053861329155771805,0.863013698630137,511
898,5.243878828821406,5.414801026097503,0.1709221972760968,0.6999413833751141,0.6466558498183838,0.05328553355673038,0.8512720156555773,511
899,5.251972759206018,5.4192929890182295,0.16732022981221117,0.7028185753399485,0.6498532856381762,0.052965289701772215,0.8590998043052838,511
900,5.255268553731569,5.425183843511241,0.16991528977967185,0.701315346497584,0.6460602945917551,0.05525505190582879,0.8610567514677103,511
901,5.245373299575758,5.4129809892319,0.16760768965614226,0.7033917979715921,0.649279799649235,0.054111998322357115,0.8708414872798435,511
902,5.251646060002381,5.420271558613572,0.16862549861119103,0.7012169930464348,0.6468143912258938,0.05440260182054093,0.8414872798434442,511
903,5.245985187112111,5.413484420003058,0.16749923289094681,0.7023384174061366,0.6484544173130349,0.05388400009310174,0.87279843444227,511
904,5.251853127112225,5.417130831817688,0.16527770470546255,0.7011828885539484,0.6501359012998518,0.051046987254096676,0.8297455968688845,511
905,5.256910122912566,5.423330488919622,0.16642036600705623,0.6994787600810012,0.6471534776849951,0.052325282396006007,0.8551859099804305,511
906,5.249949876968277,5.421865806484306,0.17191592951602974,0.7025510496942288,0.6477898552313458,0.054761194462883,0.8610567514677103,511
907,5.253088660445209,5.422603484655215,0.1695148242100064,0.7019062180969164,0.6477176712501209,0.05418854684679557,0.8434442270058709,511
908,5.24673508857997,5.414934893099493,0.16819980451952254,0.7026447028149609,0.6486037555769925,0.05404094723796842,0.8708414872798435,511
909,5.254264370310635,5.422158673129327,0.16789430281869233,0.7023003309744292,0.6495328089598797,0.052767522014549456,0.863013698630137,511
910,5.249788041693277,5.416312464668397,0.1665244229751197,0.7022421124071715,0.6478899021622175,0.05435221024495397,0.8669275929549902,511
911,5.248705660121923,5.41623605628141,0.16753039615948762,0.7015715550048192,0.6477431814028067,0.05382837360201246,0.8493150684931506,511
912,5.251336104199716,5.416832299890494,0.16549619569077834,0.7035448915150809,0.6503046513783702,0.053240240136710595,0.8649706457925636,511
913,5.251283226374078,5.419319212875287,0.16803598650120932,0.7007446359772513,0.6476222999185688,0.05312233605868252,0.8414872798434442,511
914,5.252008156793413,5.41869898811745,0.16669083132403717,0.7003027156117614,0.6478702554082446,0.05243246020351668,0.8414872798434442,511
915,5.248164266331426,5.414405920244932,0.16624165391350587,0.7048232609304022,0.6483450107631683,0.056478250167233755,0.8767123287671232,511
916,5.2479715970640965,5.418611822438571,0.17064022537447432,0.7035998218356984,0.6490527054245853,0.05454711641111306,0.8590998043052838,511
917,5.2477849185597165,5.4211045942481215,0.173319675688405,0.7039342264316302,0.6456552016931474,0.058279024738482774,0.8884540117416829,511
918,5.250227081795141,5.41565791888046,0.16543083708531903,0.7036778479745539,0.6482920205847684,0.05538582738978551,0.8688845401174168,511
919,5.2568410390998,5.422991541486235,0.1661505023864347,0.7012062117622531,0.6472385646082492,0.05396764715400378,0.8688845401174168,511
920,5.25189045926226,5.416422717451925,0.16453225818966555,0.7026665790252046,0.6496830107434071,0.05298356828179736,0.863013698630137,511
921,5.249792775604813,5.419010637570206,0.169217861965393,0.702719567317162,0.6490303103856601,0.0536892569315019,0.8610567514677103,511
922,5.2544053157430675,5.422682883340699,0.1682775675976318,0.700855408799323,0.6480438896212136,0.052811519178109285,0.8610567514677103,511
923,5.2511820620100815,5.424176125127529,0.17299406311744736,0.7037308783915394,0.6470938612237691,0.05663701716777029,0.8688845401174168,511
924,5.253595544841222,5.417632604659737,0.16403705981851502,0.7010209680571132,0.649339463555097,0.05168150450201631,0.8532289628180039,511
925,5.247551227365775,5.4155253323011285,0.1679741049353538,0.7028475854418634,0.6490581411025976,0.0537894443392658,0.8610567514677103,511
926,5.254271114864289,5.420630861861269,0.16635974699697975,0.7009769598112453,0.6493281964904652,0.051648763320779924,0.8571428571428571,511
927,5.248623865539484,5.41894196044357,0.17031809490408634,0.7006392452605428,0.648278684076107,0.05236056118443573,0.863013698630137,511
928,5.2484499773752,5.420986996410407,0.17253701903520646,0.7049972126466417,0.6501028664221083,0.0548943462245333,0.8806262230919765,511
929,5.244386154582473,5.414863639952653,0.17047748537018048,0.7011738869986222,0.6455351075483984,0.055638779450224,0.8493150684931506,511
930,5.2432111149651695,5.410769290912011,0.16755817594684164,0.7023238447418181,0.6496749053356604,0.05264893940615749,0.8532289628180039,511
931,5.248911431056725,5.418882300609617,0.1699708695528921,0.7029153137122562,0.6491017233288563,0.05381359038339996,0.8551859099804305,511
932,5.243877074548942,5.411127439770443,0.16725036522150116,0.7026974672286206,0.6488507844705144,0.053846682758106314,0.8688845401174168,511
933,5.238416498697427,5.407930535782682,0.16951403708525437,0.7032557481509537,0.6495778729060132,0.05367787524494053,0.863013698630137,511
934,5.255848614744921,5.42599742880976,0.17014881406483884,0.7023627959465284,0.6483761411617383,0.05398665478479009,0.8473581213307241,511
935,5.249460768408057,5.416310221356122,0.16684945294806486,0.7006043556869086,0.6462147297303167,0.054389625956592004,0.8806262230919765,511
936,5.248166923468119,5.4154131678701205,0.1672462444020013,0.7011046629833287,0.6460523811513086,0.05505228183202015,0.8434442270058709,511
937,5.252813092861456,5.419766239779092,0.16695314691763574,0.7007208547734487,0.6493354973482195,0.051385357425229185,0.8590998043052838,511
938,5.245454361059146,5.414597967848235,0.16914360678908924,0.7022503480766513,0.6478549998740863,0.05439534820256494,0.8493150684931506,511
939,5.252831278503429,5.42074616422143,0.16791488571800084,0.7021294601382976,0.6476038287598649,0.05452563137843272,0.8551859099804305,511
940,5.251783114530584,5.4165713217717535,0.16478820724116972,0.7006939928204383,0.6485020681085942,0.052191924711844154,0.8688845401174168,511
941,5.245773202984314,5.412744008325968,0.16697080534165476,0.7016554894725104,0.6469631687873636,0.05469232068514694,0.8610567514677103,511
942,5.249521189890784,5.416143609047689,0.166622419156905,0.7045964401266621,0.6508669417362598,0.05372949839040228,0.8649706457925636,511
943,5.25773988929076,5.424380231328181,0.16664034203742073,0.700428056121552,0.648812663187226,0.051615392934326036,0.8414872798434442,511
944,5.252885811912248,5.4191181561977455,0.16623234428549782,0.7032119690550981,0.6490154011846406,0.05419656787045734,0.8590998043052838,511
945,5.2470123926000065,5.419818330402584,0.17280593780257725,0.7040806640955329,0.6473446594344178,0.05673600466111502,0.8610567514677103,511
946,5.253777312904581,5.4277150712543865,0.17393775834980563,0.7003258588179283,0.6465550316290789,0.05377082718884944,0.8454011741682974,511
947,5.255737570182859,5.422513404061092,0.16677583387823258,0.7018116748746003,0.6485161999727759,0.053295474901824534,0.8532289628180039,511
948,5.253541831156553,5.422409433693013,0.16886760253646038,0.7022696027941294,0.6482823497531096,0.05398725304101972,0.8747553816046967,511
949,5.246604517320793,5.421829220183184,0.17522470286239145,0.7042550076307137,0.6487250126376818,0.05552999499303173,0.8669275929549902,511
950,5.247748847594346,5.41336499722483,0.165616149630484,0.7009824797991501,0.6491332484251009,0.051849231374049155,0.8649706457925636,511
951,5.2548764925588225,5.42765847101284,0.17278197845401788,0.7037887241181375,0.6462014927447481,0.05758723137338938,0.8747553816046967,511
952,5.250611960485478,5.419487593662994,0.16887563317751564,0.7022159733781593,0.6485535123354271,0.05366246104273221,0.8551859099804305,511
953,5.25298080763287,5.419189146355908,0.1662083387230382,0.7028485565398984,0.6510257331538245,0.05182282338607384,0.8551859099804305,511
954,5.243836624111707,5.411484873211454,0.16764824909974685,0.7019172115546574,0.6492902890898746,0.05262692246478278,0.8590998043052838,511
955,5.2572945987473885,5.425881173190227,0.16858657444283853,0.703536838117835,0.6477721728800058,0.05576466523782909,0.8708414872798435,511
956,5.253337247892031,5.419173996338943,0.1658367484469121,0.7007351381658746,0.6460715439236353,0.05466359424223926,0.8747553816046967,511
957,5.250540719448277,5.417790388545346,0.1672496690970693,0.7003395242586203,0.645830252525198,0.054509271733422376,0.8551859099804305,511
958,5.253003805851554,5.423552968933491,0.17054916308193668,0.7016364964382733,0.6461429030290358,0.055493593409237645,0.8532289628180039,511
959,5.242745761427131,5.4150546524356535,0.1723088910085222,0.7021290695211496,0.6460744543489593,0.056054615172190354,0.8649706457925636,511
960,5.2503595675973065,5.416668801466887,0.16630923386958063,0.7002260133414379,0.646571244755683,0.05365476858575486,0.8493150684931506,511
961,5.251661164471483,5.4202483914540105,0.16858722698252748,0.7022344126188397,0.649893957778846,0.05234045483999359,0.8688845401174168,511
962,5.252884615697641,5.420625480575276,0.16774086487763462,0.701492389526101,0.6470168052761702,0.05447558424993082,0.8493150684931506,511
963,5.2409966494138285,5.412313407812884,0.17131675839905558,0.7058598544048714,0.649577090359564,0.05628276404530744,0.8590998043052838,511
964,5.246744930220189,5.413745839459077,0.16700090923888755,0.7030431539624102,0.650632977254611,0.05241017670779916,0.8493150684931506,511
965,5.256861964288103,5.427013906252505,0.1701519419644013,0.7048845789669338,0.648169472286703,0.056715106680231026,0.8610567514677103,511
966,5.24187989679542,5.411424098429633,0.16954420163421258,0.701911237406188,0.6498752568180588,0.05203598058812908,0.8512720156555773,511
967,5.254693741824438,5.422444175138349,0.16775043331391082,0.7024438625321837,0.6484378572615812,0.05400600527060256,0.8610567514677103,511
968,5.247446536692556,5.417830891031671,0.1703843543391148,0.7018725648500832,0.6488204911594375,0.05305207369064564,0.8551859099804305,511
969,5.246939906302854,5.415217438043878,0.16827753174102345,0.7021552966763213,0.6472159097514836,0.05493938692483766,0.8610567514677103,511
970,5.257515352407045,5.424082060044772,0.16656670763772752,0.7002071974175212,0.6470194743782198,0.053187723039301416,0.8669275929549902,511
971,5.259120827669443,5.426607371295327,0.16748654362588322,0.702621813177625,0.6472810762586981,0.055340736918926846,0.8571428571428571,511
972,5.250587456517966,5.420327473764496,0.16974001724653043,0.7047921545556249,0.6491634025191974,0.055628752036427684,0.8649706457925636,511
973,5.248946780479571,5.413368198858295,0.16442141837872448,0.7013302766541248,0.648848158569312,0.052482118084812894,0.8454011741682974,511
974,5.254250297736416,5.420052566528713,0.1658022687922971,0.7006428852218258,0.6469760296200268,0.05366685560179902,0.8669275929549902,511
975,5.244983974782409,5.414085815799897,0.16910184101748804,0.6994481746286516,0.6477600331978006,0.0516881414308511,0.87279843444227,511
976,5.248645685642972,5.417135977684364,0.16849029204139132,0.7037181047875728,0.6495778573967195,0.05414024739085336,0.8512720156555773,511
977,5.247011463033172,5.416930492510857,0.16991902947768445,0.7009428450005442,0.6478549171392215,0.053087927861322694,0.8493150684931506,511
978,5.2482025932134375,5.41786720314087,0.16966460992743215,0.7017591021584272,0.6485536798695043,0.053205422288922895,0.87279843444227,511
979,5.251525073576656,5.416170142146146,0.1646450685694898,0.7007620276276618,0.6497129519463183,0.05104907568134336,0.8493150684931506,511
980,5.250889917798806,5.420915468942891,0.1700255511440849,0.7036230743384388,0.6492323393466719,0.054390734991766894,0.87279843444227,511
981,5.2529496874369475,5.4208609786833435,0.16791129124639603,0.7020274505694105,0.6469704359066136,0.05505701466279692,0.8610567514677103,511
982,5.253049254388331,5.419708134035516,0.1666588796471853,0.7015468627240364,0.6467689827417648,0.05477787998227166,0.8688845401174168,511
983,5.247390550706818,5.41556189907754,0.16817134837072167,0.7010260756897195,0.6475470055192742,0.05347907017044548,0.8610567514677103,511
984,5.2633620297864185,5.432249296549334,0.16888726676291554,0.7034574377229237,0.6466845834625665,0.05677285426035709,0.8571428571428571,511
985,5.253477368433298,5.421090222998203,0.16761285456490516,0.7032390823264851,0.6492750244572383,0.053964057869246775,0.8571428571428571,511
986,5.255437238912818,5.421564506147624,0.1661272672348062,0.703046935100546,0.6486358898658313,0.05441104523471467,0.8610567514677103,511
987,5.251672394676556,5.4175038494845555,0.1658314548079991,0.7029007805282466,0.6468386761276588,0.056062104400588016,0.863013698630137,511
988,5.259630416106358,5.425753747462426,0.16612333135606772,0.7006669905362173,0.645809354290869,0.05485763624534829,0.8747553816046967,511
989,5.246656534084996,5.4112384026701115,0.16458186858511503,0.7006670808608354,0.6513076347907829,0.0493594460700524,0.8434442270058709,511
990,5.251393425564895,5.420609383976671,0.16921595841177606,0.7027476488884037,0.6475737753864645,0.05517387350193912,0.8786692759295499,511
991,5.253942059844239,5.424399884067691,0.17045782422345201,0.7045930469663074,0.6470726427877157,0.0575204041785918,0.8688845401174168,511
992,5.254861459002029,5.4201926974898065,0.1653312384877772,0.7013692160337816,0.6477327289838591,0.053636487049922466,0.8532289628180039,511
993,5.253987011684503,5.421389391938964,0.16740238025446175,0.7001308316589703,0.6487037762848518,0.05142705537411847,0.863013698630137,511
994,5.250045168743393,5.41803314657192,0.1679879778285276,0.7048578075182166,0.650726782783074,0.05413102473514253,0.8610567514677103,511
995,5.2522212796894285,5.4211940310380395,0.168972751348611,0.7016820880635849,0.6465783118507495,0.05510377621283529,0.8669275929549902,511
996,5.2504247613895965,5.417624213900818,0.16719945251122148,0.7019574836109558,0.6473875355723634,0.054569948038592504,0.8610567514677103,511
997,5.254155587218474,5.421230853121173,0.1670752659026995,0.6991880407532874,0.6454976590681839,0.05369038168510367,0.8434442270058709,511
998,5.243714171324343,5.413472351031502,0.16975817970715923,0.7033217270135063,0.6497641378848635,0.05355758912864268,0.8669275929549902,511
999,5.256566874038804,5.422532920003287,0.16596604596448294,0.7027377254372217,0.6484965741424651,0.054241151294756734,0.8590998043052838,511
