disease,code,in_failures,failure_type,in_panel,age_auroc_val,age_distance_val,age_distance_pct,max_lift_train,max_lift_prev_token,max_lift_n_prev,max_lift_n_joint,max_lift_pct,max_lift_min5_train,max_lift_min5_prev_token,max_lift_min5_n_prev,max_lift_min5_n_joint,max_lift_min5_pct,n_target_train,n_positives_val,auc_transformer,auc_age_sex,auc_bigram
O68 (labour and delivery complicated by foetal stress [distress]),O68,False,,False,0.07762982640052282,0.42237017359947715,0.9686888454011742,182.24550264550265,O03 (spontaneous abortion),90,2,0.9882583170254403,,,0,0,,21,28,0.9865822623664332,0.9745731751818764,0.907358529529825
"O99 (other maternal diseases classifiable elsewhere but complicating pregnancy, childbirth and the puerperium)",O99,False,,False,0.07418137358461611,0.42581862641538387,0.974559686888454,223.51979234263467,O70 (perineal laceration during delivery),67,2,0.9960861056751468,,,0,0,,23,23,0.9801575552807724,0.940694780877208,0.8785514111750619
O81 (single delivery by forceps and vacuum extractor),O81,False,,False,0.03676822539413311,0.4632317746058669,0.9980430528375733,93.34525745257453,O03 (spontaneous abortion),90,2,0.8590998043052838,20.777592343112218,Female,3639,18,0.8033240997229917,41,43,0.9778682456339568,0.9800039588501026,0.9045845563529216
O34 (maternal care for known or suspected abnormality of pelvic organs),O34,False,,False,0.09356074005075592,0.40643925994924407,0.9608610567514677,137.33811802232856,N97 (female infertility),66,1,0.9452054794520548,,,0,0,,19,29,0.9776100594181024,0.9618629910361364,0.8333485476987372
"F53 (mental and behavioural disorders associated with the puerperium, not elsewhere classified)",F53,False,,False,0.05119876640131611,0.4488012335986839,0.9941291585127201,154.73674752920036,B26 (mumps),106,2,0.9706457925636007,,,0,0,,21,26,0.9759621524921605,0.9732973712344294,0.8978293236017296
B05 (measles),B05,False,,False,0.035500241066034666,0.46449975893396533,1.0,106.54005567584286,B26 (mumps),106,8,0.8923679060665362,106.54005567584286,B26 (mumps),106,8,0.9806094182825484,122,128,0.9745701200828336,0.9705358718240276,0.9475972269418886
O03 (spontaneous abortion),O03,False,,False,0.054214985858151724,0.4457850141418483,0.9921722113502935,115.97441077441077,N97 (female infertility),66,4,0.9099804305283757,34.29350856232576,O80 (single spontaneous delivery),279,5,0.9141274238227147,90,96,0.9739761800360854,0.9717181486568632,0.8874066345208227
O70 (perineal laceration during delivery),O70,False,,False,0.07529095997138566,0.4247090400286143,0.9706457925636007,57.12172470978442,O03 (spontaneous abortion),90,2,0.7279843444227005,9.88916915833036,Female,3639,14,0.554016620498615,67,67,0.9721056993721156,0.9678381622341856,0.8781343409250831
O80 (single spontaneous delivery),O80,False,,False,0.056249352266150854,0.44375064773384915,0.9902152641878669,34.29350856232576,B27 (infectious mononucleosis),54,3,0.5322896281800391,34.29350856232576,O03 (spontaneous abortion),90,5,0.9141274238227147,279,271,0.970266809389254,0.9650570824203204,0.898138686169751
O72 (postpartum haemorrhage),O72,False,,False,0.0702498369702986,0.42975016302970137,0.9784735812133072,223.51979234263467,O70 (perineal laceration during delivery),67,2,0.9960861056751468,14.403789861046395,Female,3639,7,0.6980609418282548,23,21,0.9696113742346448,0.9461525128689108,0.812926493024485
O82 (single delivery by caesarean section),O82,False,,False,0.0582567039923506,0.4417432960076494,0.9882583170254403,121.36856941508104,N97 (female infertility),66,2,0.9217221135029354,16.50932724937211,Female,3639,15,0.7534626038781164,43,53,0.9695890055588112,0.9563322582931632,0.8537869229409936
O04 (medical abortion),O04,False,,False,0.06422403843846264,0.43577596156153736,0.9823874755381604,103.43663663663663,O03 (spontaneous abortion),90,4,0.8884540117416829,21.74471751223606,Female,3639,34,0.814404432132964,74,83,0.9679536277831408,0.9529975509277656,0.8660974670997096
N97 (female infertility),N97,False,,False,0.0477935675218142,0.4522064324781858,0.9960861056751468,44.99007314524555,D86 (sarcoidosis),58,1,0.6477495107632094,23.663369057433357,Female,3639,33,0.8282548476454293,66,65,0.9622284755861972,0.9669720988299508,0.7984239736108042
O26 (maternal care for other conditions predominantly related to pregnancy),O26,False,,False,0.07477575601683024,0.42522424398316977,0.9726027397260274,137.33811802232856,J10 (influenza due to identified influenza virus),66,1,0.9452054794520548,,,0,0,,19,26,0.9578893333726312,0.9484356062737408,0.856545365475492
N46 (male infertility),N46,False,,False,0.07950873532352584,0.42049126467647413,0.9667318982387475,147.4503424657534,N19 (unspecified renal failure),73,1,0.9647749510763209,15.363795318298601,Male,3503,5,0.7146814404432132,16,21,0.950417408558928,0.9514300033808448,0.7218306929294454
D06 Carcinoma in situ of cervix uteri,D06,False,,False,0.09931620032020705,0.40068379967979295,0.9569471624266145,114.9295962629296,N87 (dysplasia of cervix uteri),148,8,0.9080234833659491,114.9295962629296,N87 (dysplasia of cervix uteri),148,8,0.9861495844875346,81,70,0.9497712925249072,0.9204714343782924,0.7602330211452796
B06 (rubella [german measles]),B06,False,,False,0.060334959066364754,0.43966504093363523,0.9863013698630136,143.55821061405945,B05 (measles),122,6,0.958904109589041,143.55821061405945,B05 (measles),122,6,0.9889196675900277,59,50,0.946911165302212,0.9457419148812634,0.8666088950821575
B26 (mumps),B26,False,,False,0.060553688428755484,0.43944631157124453,0.9843444227005871,226.39761831116607,B05 (measles),122,17,0.9980430528375733,226.39761831116607,B05 (measles),122,17,1.0,106,95,0.9443685876421168,0.9420253307718288,0.8844583319960324
"N92 (excessive, frequent and irregular menstruation)",N92,False,,False,0.11427692829753082,0.38572307170246917,0.9452054794520548,23.298430735930737,N97 (female infertility),66,4,0.37377690802348335,19.54698849878935,N93 (other abnormal uterine and vaginal bleeding),177,9,0.7922437673130194,448,432,0.9422233076452576,0.936924933231262,0.7594786068480845
O36 (maternal care for other known or suspected foetal problems),O36,False,,False,0.10125590690600035,0.39874409309399966,0.9549902152641878,104.25060532687652,B06 (rubella [german measles]),59,1,0.8904109589041096,15.212165822635733,Female,3639,9,0.7119113573407202,28,24,0.9419662208186266,0.9295064468001116,0.865479770419221
N87 (dysplasia of cervix uteri),N87,False,,False,0.10639695792797735,0.3936030420720227,0.9510763209393346,28.732399065732395,D06 Carcinoma in situ of cervix uteri,81,2,0.4520547945205479,25.024992734670153,O80 (single spontaneous delivery),279,6,0.8448753462603878,148,149,0.94193972524204,0.9351878635902364,0.7277153591347374
"A15 (respiratory tuberculosis, bacteriologically and histologically confirmed)",A15,False,,False,0.06915883852713706,0.43084116147286294,0.9804305283757339,53.95426065162907,J93 (pneumothorax),57,1,0.7084148727984344,19.43776744003455,Female,3639,23,0.7894736842105263,56,49,0.9366621880272566,0.921458117651436,0.9383247629340709
C62 Malignant neoplasm of testis,C62,False,,False,0.09511479739928017,0.4048852026007198,0.958904109589041,213.94037267080748,"N47 (redundant prepuce, phimosis and paraphimosis)",115,1,0.9921722113502935,,,0,0,,7,20,0.9288813421572042,0.8799658945779635,0.4859603216068732
B01 (varicella [chickenpox]),B01,False,,False,0.07059352415411996,0.42940647584588004,0.9765166340508806,167.1697584124245,B05 (measles),122,27,0.9784735812133072,167.1697584124245,B05 (measles),122,27,0.997229916897507,228,214,0.9281162868279952,0.9292567424953542,0.8752851139168396
O02 (other abnormal products of conception),O02,False,,False,0.10664493469714276,0.39335506530285724,0.949119373776908,159.46481481481484,O03 (spontaneous abortion),90,2,0.9765166340508806,15.775579371622241,Female,3639,8,0.7202216066481995,24,38,0.9276159186065628,0.9117798000243232,0.826765539183242
"N91 (absent, scanty and rare menstruation)",N91,False,,False,0.10528161067182204,0.39471838932817793,0.9530332681017613,79.25540727105384,N36 (other disorders of urethra),53,1,0.8258317025440313,,,0,0,,41,32,0.9234324382576286,0.9190112149342808,0.5932460028563465
I00 (rheumatic fever without mention of heart involvement),I00,False,,False,0.08449074074074076,0.41550925925925924,0.9628180039138943,127.57185185185186,B27 (infectious mononucleosis),54,1,0.9315068493150684,26.502973344325365,Female,3639,14,0.8476454293628809,25,20,0.9231150586323,0.9202459944270288,0.8733819517009171
B27 (infectious mononucleosis),B27,False,,False,0.08072621394095328,0.41927378605904675,0.9647749510763209,46.22168545356951,M22 (disorders of patella),69,1,0.6536203522504892,11.835812689652256,Male,3503,13,0.6343490304709142,54,69,0.9158633253998572,0.9093311465989776,0.8068601216286828
N60 (benign mammary dysplasia),N60,False,,False,0.1583057647419981,0.3416942352580019,0.9295499021526419,40.288877192103,N63 (unspecified lump in breast),403,28,0.6086105675146771,40.288877192103,N63 (unspecified lump in breast),403,28,0.9390581717451524,297,295,0.904259299318082,0.8952099685477104,0.7712652315461094
N86 (erosion and ectropion of cervix uteri),N86,False,,False,0.1521731978713111,0.3478268021286889,0.9354207436399217,66.44367283950616,M86 (osteomyelitis),81,1,0.7847358121330724,,,0,0,,32,30,0.9041267537493952,0.8734216739235607,0.7300766328011612
N80 (endometriosis),N80,False,,False,0.15509061338289962,0.34490938661710036,0.9334637964774951,64.1661698956781,N97 (female infertility),66,3,0.7749510763209393,33.2937673987009,"N83 (noninflammatory disorders of ovary, fallopian tube and broad ligament)",212,5,0.8975069252077562,122,120,0.8954943802276952,0.902457984820322,0.736821948574969
N94 (pain and other conditions associated with female genital organs and menstrual cycle),N94,False,,False,0.18440057722277678,0.3155994227772232,0.9197651663405088,33.02118684689867,N80 (endometriosis),122,4,0.5166340508806262,17.18679520188412,N60 (benign mammary dysplasia),293,5,0.7673130193905817,171,194,0.8942864937706165,0.89596140853093,0.6903126146109395
N72 (inflammatory disease of cervix uteri),N72,False,,False,0.18533436062114975,0.3146656393788503,0.9158512720156555,51.858476362541396,D06 Carcinoma in situ of cervix uteri,81,1,0.6986301369863014,11.543106857284565,Female,3639,10,0.6232686980609419,41,28,0.8937101290136378,0.8563346558696394,0.709293754830962
G03 (meningitis due to other and unspecified causes),G03,False,,False,0.11495273926472979,0.3850472607352702,0.9432485322896281,86.19719719719718,B27 (infectious mononucleosis),54,1,0.8434442270058709,11.958846085594587,Male,3503,9,0.6371191135734072,37,44,0.8909159261393986,0.8422684176468229,0.7684385615719657
E28 (ovarian dysfunction),E28,False,,False,0.12685210989572449,0.3731478901042755,0.9373776908023483,92.44337090713903,D06 Carcinoma in situ of cervix uteri,81,2,0.8551859099804305,8.230737063455082,Female,3639,8,0.4709141274238227,46,44,0.8896098429427699,0.8807466736971893,0.7040048379707337
J69 (pneumonitis due to solids and liquids),J69,False,,False,0.8241853991850798,0.3241853991850798,0.9217221135029354,49.33785332314744,F03 (unspecified dementia),136,3,0.6771037181996086,,,0,0,,77,75,0.8850642741693524,0.7841044104410442,0.6332998848271925
"F05 (delirium, not induced by alcohol and other psychoactive substances)",F05,False,,False,0.8381910559703222,0.3381910559703222,0.9256360078277887,37.05292598967298,M11 (other crystal arthropathies),56,2,0.5655577299412916,8.897786687056977,I95 (hypotension),583,5,0.5069252077562327,166,181,0.8823183938295314,0.8053804891113843,0.6749278866503634
N93 (other abnormal uterine and vaginal bleeding),N93,False,,False,0.22685526190134525,0.27314473809865475,0.8962818003913894,17.277487961476726,"A15 (respiratory tuberculosis, bacteriologically and histologically confirmed)",56,1,0.27788649706457924,16.233881306085514,N84 (polyp of female genital tract),298,5,0.7423822714681441,178,184,0.8764341085663007,0.8740561069554708,0.6497171352541351
K37 (unspecified appendicitis),K37,False,,False,0.11112172600034846,0.3888782739996515,0.9471624266144814,58.57891156462585,K35 (acute appendicitis),105,3,0.7436399217221135,14.04689857673015,Male,3503,24,0.6925207756232687,84,90,0.8722084131869834,0.8809280446018933,0.8216496957495274
A37 (whooping cough),A37,False,,False,0.11906082060316318,0.3809391793968368,0.9412915851272016,141.16557377049182,B05 (measles),122,2,0.9530332681017613,12.29103625463888,Male,3503,5,0.6481994459833795,20,42,0.86774177093822,0.8389652136937868,0.8568692877352987
"A63 (other predominantly sexually transmitted diseases, not elsewhere classified)",A63,False,,False,0.12559852825866166,0.3744014717413383,0.9393346379647749,27.976283300844702,N94 (pain and other conditions associated with female genital organs and menstrual cycle),171,1,0.44422700587084146,7.88778968581112,Female,3639,6,0.44598337950138506,36,33,0.8640256917875686,0.8050663150926145,0.7062456644800603
F00 (dementia in alzheimer's disease),F00,False,,False,0.8315704799927355,0.3315704799927355,0.923679060665362,96.64534231200898,G30 (alzheimer's disease),132,6,0.8708414872798435,96.64534231200898,G30 (alzheimer's disease),132,6,0.9778393351800554,81,88,0.8584768878503489,0.8034200525100944,0.659263219387238
F02 (dementia in other diseases classified elsewhere),F02,False,,False,0.8408798258345428,0.3408798258345428,0.9275929549902152,175.02235772357724,G20 (parkinson's disease),123,3,0.9843444227005871,,,0,0,,24,30,0.8583876149008225,0.7988055152394775,0.6629361393323657
C54 Malignant neoplasm of corpus uteri,C54,False,,False,0.43752037752037753,0.062479622479622465,0.30332681017612523,72.2104821802935,"N85 (other noninflammatory disorders of uterus, except cervix)",106,2,0.8043052837573386,24.070160726764502,N95 (menopausal and other perimenopausal disorders),954,6,0.8337950138504155,45,45,0.8571502114359257,0.7917154533695887,0.6152871883698952
C61 Malignant neoplasm of prostate,C61,False,,False,0.5011249899733812,0.0011249899733811741,0.011741682974559686,17.15905467878208,N42 (other disorders of prostate),123,5,0.2759295499021526,17.15905467878208,N42 (other disorders of prostate),123,5,0.7645429362880887,408,391,0.8549441567737486,0.8398101632798505,0.6067491378595765
N84 (polyp of female genital tract),N84,False,,False,0.31135256994463173,0.18864743005536827,0.7632093933463796,32.11239768044601,N93 (other abnormal uterine and vaginal bleeding),177,10,0.5107632093933464,32.11239768044601,N93 (other abnormal uterine and vaginal bleeding),177,10,0.8864265927977839,303,323,0.8543874934821977,0.8346081228349422,0.6749645417690373
N89 (other noninflammatory disorders of vagina),N89,False,,False,0.32287482058193334,0.17712517941806666,0.7397260273972602,21.735596642897708,"N85 (other noninflammatory disorders of uterus, except cervix)",106,4,0.34637964774951074,9.056498601207378,N95 (menopausal and other perimenopausal disorders),954,15,0.5124653739612188,299,302,0.8527500129194101,0.8334626044498684,0.6366294618463058
H36 (retinal disorders in diseases classified elsewhere),H36,False,,False,0.5033994633307314,0.003399463330731378,0.025440313111545987,26.67007355787844,K86 (other diseases of pancreas),123,2,0.4227005870841487,6.909054438961768,H25 (senile cataract),1187,5,0.3878116343490305,105,85,0.852571212869131,0.5398633218495448,0.6829123616693112
N17 (acute renal failure),N17,False,,False,0.8054545990042394,0.30545459900423944,0.9080234833659491,22.567993447993448,E27 (other disorders of adrenal gland),55,4,0.36007827788649704,12.555892308493465,E86 (volume depletion),173,7,0.6537396121883656,555,579,0.85241241907059,0.7970597137677953,0.6760540793898667
N95 (menopausal and other perimenopausal disorders),N95,False,,False,0.32823585427344343,0.17176414572655657,0.7240704500978473,18.61676493710692,"N85 (other noninflammatory disorders of uterus, except cervix)",106,11,0.2974559686888454,18.61676493710692,"N85 (other noninflammatory disorders of uterus, except cervix)",106,11,0.778393351800554,960,921,0.8506411056851336,0.8469622977366241,0.6348470535146324
I22 (subsequent myocardial infarction),I22,False,,True,0.4686734178516901,0.03132658214830991,0.15655577299412915,49.08474254227627,I21 (acute myocardial infarction),554,3,0.6731898238747553,,,0,0,,19,21,0.8486939240716982,0.631639676577822,0.7644876665508389
N63 (unspecified lump in breast),N63,False,,False,0.2488497369769021,0.2511502630230979,0.87279843444227,22.816905140434553,O04 (medical abortion),74,4,0.3659491193737769,10.379821600771455,C50 Malignant neoplasm of breast,366,9,0.5761772853185596,408,371,0.8477990588608131,0.8375690727365489,0.6609333788598333
I25 (chronic ischaemic heart disease),I25,False,,True,0.643290976165356,0.14329097616535602,0.6320939334637965,24.77556425005723,I21 (acute myocardial infarction),554,137,0.40313111545988256,24.77556425005723,I21 (acute myocardial infarction),554,137,0.8421052631578947,1719,1724,0.8429151723727757,0.6847346720639454,0.7020754836821665
N61 (inflammatory disorders of breast),N61,False,,False,0.24330738862383292,0.25669261137616706,0.8786692759295499,50.181235431235436,N97 (female infertility),66,1,0.6868884540117417,5.460777474792314,Female,3639,6,0.26869806094182824,52,51,0.8426579568766117,0.7842923221579476,0.6592916248419368
N75 (diseases of bartholin's gland),N75,False,,False,0.2372131092014091,0.2627868907985909,0.8904109589041096,49.919420289855076,M95 (other acquired deformities of musculoskeletal system and connective tissue),69,1,0.6829745596868885,7.572278098378676,Female,3639,8,0.4265927977839335,50,60,0.8414757771068013,0.8089080342972168,0.629541768280881
C50 Malignant neoplasm of breast,C50,False,,False,0.3577329726755308,0.14226702732446922,0.6281800391389433,52.3998485473391,N63 (unspecified lump in breast),403,45,0.700587084148728,52.3998485473391,N63 (unspecified lump in breast),403,45,0.9667590027700831,367,389,0.8398034690454206,0.8007045820377681,0.6481498954342725
"J96 (respiratory failure, not elsewhere classified)",J96,False,,False,0.7584696980210537,0.2584696980210537,0.8845401174168297,24.891169244110426,M31 (other necrotising vasculopathies),74,2,0.4050880626223092,15.7816715648093,"J18 (pneumonia, organism unspecified)",817,14,0.7229916897506925,187,159,0.8386287158890965,0.7521037836516866,0.6785019489909084
I08 (multiple valve diseases),I08,False,,False,0.7882323158940328,0.28823231589403275,0.9021526418786693,23.551726495726495,I07 (rheumatic tricuspid valve diseases),65,2,0.37573385518590996,12.07780845934692,I50 (heart failure),507,8,0.6398891966759003,225,220,0.8358225328373823,0.7616363081588875,0.6768445864550421
I07 (rheumatic tricuspid valve diseases),I07,False,,False,0.7733776874156484,0.2733776874156484,0.898238747553816,23.68289328932893,I89 (other non-infective disorders of lymphatic vessels and lymph nodes),101,1,0.3796477495107632,23.589469647161955,I50 (heart failure),507,5,0.8254847645429363,72,69,0.8337757043747901,0.7632382469129756,0.671293153267743
I51 (complications and ill-defined descriptions of heart disease),I51,False,,False,0.7413967715586329,0.24139677155863293,0.8590998043052838,13.909510887122828,I34 (nonrheumatic mitral valve disorders),201,10,0.21135029354207435,13.909510887122828,I34 (nonrheumatic mitral valve disorders),201,10,0.6869806094182825,616,562,0.8330063019402952,0.7340608489156205,0.7083333091550954
F03 (unspecified dementia),F03,False,,False,0.8057267001545045,0.30572670015450454,0.9099804305283757,93.75176918889494,F00 (dementia in alzheimer's disease),66,6,0.8610567514677103,93.75176918889494,F00 (dementia in alzheimer's disease),66,6,0.9722991689750693,167,196,0.8325113470924735,0.7801907611327927,0.6132396364091766
L89 (decubitus ulcer),L89,False,,False,0.7620532090549532,0.2620532090549532,0.8884540117416829,27.14722572509458,J69 (pneumonitis due to solids and liquids),52,1,0.43052837573385516,12.09496960089893,"J18 (pneumonia, organism unspecified)",817,7,0.6426592797783933,122,124,0.8315256455322967,0.7266890906896895,0.6464270449757121
I50 (heart failure),I50,False,,True,0.7450544335367832,0.24505443353678324,0.8649706457925636,11.699864130434783,"L97 (ulcer of lower limb, not elsewhere classified)",80,3,0.1761252446183953,11.304216551144718,"J96 (respiratory failure, not elsewhere classified)",138,5,0.6121883656509696,552,508,0.8313943636785697,0.7398246366131555,0.6887457973955955
D63 (anaemia in chronic diseases classified elsewhere),D63,False,,False,0.6922791454148216,0.1922791454148216,0.7729941291585127,44.29578189300412,"I65 (occlusion and stenosis of precerebral arteries, not resulting in cerebral infarction)",72,1,0.6457925636007827,,,0,0,,54,53,0.8310615399969611,0.6573729317965725,0.6432283150659763
"N85 (other noninflammatory disorders of uterus, except cervix)",N85,False,,False,0.34625692334621694,0.15374307665378306,0.6673189823874756,37.808254406322526,N84 (polyp of female genital tract),298,7,0.5714285714285714,37.808254406322526,N84 (polyp of female genital tract),298,7,0.9335180055401662,107,93,0.8283369524918239,0.8037636750392219,0.6701680799525848
"J12 (viral pneumonia, not elsewhere classified)",J12,False,,False,0.794379184269364,0.29437918426936405,0.9060665362035225,78.28272727272729,K74 (fibrosis and cirrhosis of liver),50,1,0.8238747553816047,28.745187493045513,"J18 (pneumonia, organism unspecified)",817,6,0.8698060941828255,44,44,0.8282407568684826,0.7502759163431149,0.6015860373398867
"G31 (other degenerative diseases of nervous system, not elsewhere classified)",G31,False,,False,0.7668838597393849,0.2668838597393849,0.8923679060665362,40.67595654227681,D86 (sarcoidosis),58,1,0.6125244618395304,,,0,0,,73,77,0.8275504423916473,0.7240184511921939,0.6123539938630269
J03 (acute tonsillitis),J03,False,,False,0.18505345941172224,0.31494654058827776,0.9178082191780822,26.91305163145393,B01 (varicella [chickenpox]),228,15,0.42661448140900193,26.91305163145393,B01 (varicella [chickenpox]),228,15,0.853185595567867,421,367,0.8246590843404079,0.8150965752891517,0.7006131642120291
N50 (other disorders of male genital organs),N50,False,,False,0.368130322597295,0.131869677402705,0.5851272015655578,19.955043160882916,N43 (hydrocele and spermatocele),82,4,0.324853228962818,16.629202634069095,N42 (other disorders of prostate),123,5,0.7590027700831025,421,404,0.824583566059252,0.8291619660639526,0.5918176836098048
N41 (inflammatory diseases of prostate),N41,False,,False,0.48405082660263327,0.015949173397366734,0.0684931506849315,16.889477297244287,N45 (orchitis and epididymitis),99,2,0.26810176125244617,14.704029858028003,N40 (hyperplasia of prostate),1194,21,0.703601108033241,206,198,0.8205302845401752,0.7812818771271719,0.6179281571071531
N76 (other inflammation of vagina and vulva),N76,False,,False,0.33242415910538947,0.16757584089461053,0.7103718199608611,31.244920174165458,N61 (inflammatory disorders of breast),52,1,0.4911937377690802,2.232393307305034,Female,3639,5,0.01662049861495845,106,106,0.8200042146919823,0.8077387322741298,0.633796827079933
"N83 (noninflammatory disorders of ovary, fallopian tube and broad ligament)",N83,False,,False,0.3133370010693174,0.1866629989306826,0.7553816046966731,24.161335578002248,N97 (female infertility),66,2,0.38747553816046965,13.377920705940841,N84 (polyp of female genital tract),298,5,0.6703601108033241,216,203,0.8196000352803452,0.8110804359521604,0.6352709382507791
I27 (other pulmonary heart diseases),I27,False,,False,0.7362095982154295,0.23620959821542953,0.8512720156555773,48.51323943661972,K74 (fibrosis and cirrhosis of liver),50,1,0.6634050880626223,33.490401977942604,I50 (heart failure),507,7,0.9030470914127424,71,85,0.8193230656762255,0.7205393679873877,0.6892693475078698
A41 (other septicaemia),A41,False,,False,0.7254112199660543,0.2254112199660543,0.837573385518591,43.52997674653726,D70 (agranulocytosis),189,15,0.6360078277886497,43.52997674653726,D70 (agranulocytosis),189,15,0.9418282548476454,314,323,0.8175878929052588,0.706579256593254,0.6758118358158912
K65 (peritonitis),K65,False,,False,0.4214001002983585,0.0785998997016415,0.3659491193737769,76.88482142857143,"A15 (respiratory tuberculosis, bacteriologically and histologically confirmed)",56,2,0.8199608610567515,5.3242580379225055,Female,3639,9,0.24653739612188366,80,57,0.815405129070215,0.7550584406528826,0.7262928490000367
I24 (other acute ischaemic heart diseases),I24,False,,True,0.6873789746584853,0.1873789746584853,0.7573385518590998,35.969507101086045,I42 (cardiomyopathy),72,2,0.5518590998043053,35.060530387340194,I21 (acute myocardial infarction),554,15,0.9224376731301939,133,116,0.8144446674341786,0.6994293582542388,0.6817466395313531
"K91 (postprocedural disorders of digestive system, not elsewhere classified)",K91,False,,False,0.6884600409233333,0.18846004092333335,0.761252446183953,49.13809407353061,K56 (paralytic ileus and intestinal obstruction without hernia),261,7,0.675146771037182,49.13809407353061,K56 (paralytic ileus and intestinal obstruction without hernia),261,7,0.9584487534626038,94,101,0.8123129285381625,0.6320978185320493,0.6292202870383741
L70 (acne),L70,False,,False,0.19324606450586457,0.30675393549413543,0.9119373776908023,31.2676107480029,B27 (infectious mononucleosis),54,1,0.4931506849315068,9.279752571542494,Female,3639,20,0.5263157894736842,102,115,0.8118854385138624,0.7987328384423942,0.6590757349812301
N42 (other disorders of prostate),N42,False,,False,0.596542759518932,0.09654275951893199,0.44422700587084146,39.93553623188406,M95 (other acquired deformities of musculoskeletal system and connective tissue),69,2,0.5968688845401174,18.462659966499164,N40 (hyperplasia of prostate),1194,16,0.775623268698061,125,126,0.8101188148079304,0.7671632504747041,0.622595545221508
E86 (volume depletion),E86,False,,False,0.753911561660151,0.25391156166015105,0.8767123287671232,29.972502610511665,J69 (pneumonitis due to solids and liquids),52,2,0.4755381604696673,28.65018631887144,F03 (unspecified dementia),136,5,0.8670360110803325,221,245,0.8082418682007636,0.7299817016352272,0.6588649438326206
"J90 (pleural effusion, not elsewhere classified)",J90,False,,False,0.7501266007080826,0.25012660070808257,0.8708414872798435,15.831168035298443,"K91 (postprocedural disorders of digestive system, not elsewhere classified)",82,3,0.24070450097847357,10.09256193503963,I26 (pulmonary embolism),343,8,0.556786703601108,398,359,0.8069733363152044,0.7334361352956067,0.6848001492685334
G30 (alzheimer's disease),G30,False,,False,0.8113205045573313,0.3113205045573313,0.913894324853229,144.96801346801345,F00 (dementia in alzheimer's disease),66,8,0.9608610567514677,144.96801346801345,F00 (dementia in alzheimer's disease),66,8,0.9916897506925207,144,181,0.8067610063448318,0.8106552861341308,0.6097787445289986
I05 (rheumatic mitral valve diseases),I05,False,,False,0.6899431656555689,0.1899431656555689,0.7690802348336595,136.68412698412698,I27 (other pulmonary heart diseases),63,1,0.9393346379647749,,,0,0,,20,25,0.80443087283388,0.5682669298423848,0.5999957040434241
N43 (hydrocele and spermatocele),N43,False,,False,0.541015874891897,0.04101587489189695,0.20156555772994128,60.68428470754052,N45 (orchitis and epididymitis),99,3,0.7534246575342466,10.15507806972027,K40 (inguinal hernia),986,5,0.5595567867036011,86,103,0.8036021691608731,0.7671072120353006,0.5907960147806804
N48 (other disorders of penis),N48,False,,False,0.46021738650428984,0.03978261349571016,0.19765166340508805,30.45930729550479,"N47 (redundant prepuce, phimosis and paraphimosis)",115,6,0.48336594911937375,30.45930729550479,"N47 (redundant prepuce, phimosis and paraphimosis)",115,6,0.8753462603878116,295,301,0.8015423114608426,0.791110563815844,0.5816076323465206
N40 (hyperplasia of prostate),N40,False,,False,0.517426746596986,0.017426746596985954,0.08414872798434442,9.121686396017056,N42 (other disorders of prostate),123,8,0.11350293542074363,9.121686396017056,N42 (other disorders of prostate),123,8,0.5207756232686981,1228,1187,0.8014810579746922,0.7848604249389368,0.5927845540149758
I85 (oesophageal varices),I85,False,,False,0.6671865737542388,0.16718657375423884,0.7084148727984344,100.01277584204414,D75 (other diseases of blood and blood-forming organs),82,1,0.8825831702544031,,,0,0,,21,27,0.7980760857575775,0.5646007132918827,0.4620356018096551
"I65 (occlusion and stenosis of precerebral arteries, not resulting in cerebral infarction)",I65,False,,True,0.7523417769299476,0.25234177692994764,0.8747553816046967,49.06609686609686,G45 (transient cerebral ischaemic attacks and related syndromes),450,10,0.6692759295499021,49.06609686609686,G45 (transient cerebral ischaemic attacks and related syndromes),450,10,0.9529085872576177,78,79,0.7958160683434483,0.7368350600589728,0.6726163912513483
D05 Carcinoma in situ of breast,D05,False,,False,0.37969764985181764,0.12030235014818236,0.538160469667319,39.8662037037037,B27 (infectious mononucleosis),54,1,0.5949119373776908,26.709367245657567,N63 (unspecified lump in breast),403,5,0.850415512465374,80,65,0.7937868362221642,0.801138558912272,0.5581727223796731
J92 (pleural plaque),J92,False,,False,0.6874045855915121,0.18740458559151207,0.7592954990215264,33.078267550177664,J84 (other interstitial pulmonary diseases),178,4,0.5185909980430529,9.00846331690885,"J18 (pneumonia, organism unspecified)",817,5,0.5096952908587258,117,128,0.7927933962428552,0.7611154949550398,0.635820198138854
N45 (orchitis and epididymitis),N45,False,,False,0.48164320220989654,0.018356797790103463,0.0958904109589041,41.58947114223618,N43 (hydrocele and spermatocele),82,2,0.6203522504892368,6.1117143972461765,N39 (other disorders of urinary system),1395,5,0.33240997229916897,101,133,0.7919046368440752,0.7766314949135752,0.5725861762400913
N73 (other female pelvic inflammatory diseases),N73,False,,False,0.5019739691570309,0.0019739691570308526,0.01761252446183953,74.297670405522,N80 (endometriosis),122,4,0.812133072407045,3.7363214301210568,Female,3639,6,0.11357340720221606,76,68,0.7902542488669917,0.7396028885737278,0.6394459855226322
N88 (other noninflammatory disorders of cervix uteri),N88,False,,False,0.3685696085193604,0.13143039148063962,0.5831702544031311,55.27021822849807,N73 (other female pelvic inflammatory diseases),76,1,0.7181996086105675,46.880988675958186,"N92 (excessive, frequent and irregular menstruation)",448,5,0.9501385041551247,41,49,0.7893657059295898,0.7622163589265911,0.5967870748812789
N64 (other disorders of breast),N64,False,,False,0.37717837022748846,0.12282162977251154,0.5557729941291585,25.10524781341108,D05 Carcinoma in situ of breast,80,4,0.4070450097847358,6.624075940214006,"F43 (reaction to severe stress, and adjustment disorders)",379,5,0.37119113573407203,343,380,0.7887253222497779,0.7739875386546646,0.6134878448302257
"G98 (other disorders of nervous system, not elsewhere classified)",G98,False,,False,0.1556810376615996,0.3443189623384004,0.9315068493150684,93.8028322440087,B27 (infectious mononucleosis),54,1,0.863013698630137,9.74374020011962,Female,3639,7,0.5457063711911357,34,43,0.7881545993075254,0.773844814426201,0.7064846828821996
J94 (other pleural conditions),J94,False,,False,0.6653972308496124,0.16539723084961244,0.700587084148728,147.46837920489298,"J90 (pleural effusion, not elsewhere classified)",327,7,0.9667318982387475,147.46837920489298,"J90 (pleural effusion, not elsewhere classified)",327,7,0.9944598337950139,25,25,0.7843075672694552,0.6442561318974775,0.7511403442570608
"N47 (redundant prepuce, phimosis and paraphimosis)",N47,False,,False,0.5749065052250337,0.07490650522503373,0.3542074363992172,49.08007979481334,N48 (other disorders of penis),290,10,0.6712328767123288,49.08007979481334,N48 (other disorders of penis),290,10,0.9556786703601108,121,128,0.7839494676216368,0.8037547305578789,0.5788565255922092
N90 (other noninflammatory disorders of vulva and perineum),N90,False,,False,0.44700057374577873,0.05299942625422127,0.25244618395303325,17.75667594597381,"N85 (other noninflammatory disorders of uterus, except cervix)",106,2,0.2857142857142857,5.497101782340024,H60 (otitis externa),856,5,0.2770083102493075,183,173,0.7837360620297005,0.7739547762849909,0.5490242979977068
N81 (female genital prolapse),N81,False,,False,0.465556057015143,0.03444394298485698,0.16634050880626222,8.20573661139699,"N31 (neuromuscular dysfunction of bladder, not elsewhere classified)",176,4,0.07827788649706457,6.43384799300309,N95 (menopausal and other perimenopausal disorders),954,17,0.3545706371191136,477,509,0.7818379782128486,0.7576243712516273,0.5823056566643037
I46 (cardiac arrest),I46,False,,False,0.708219374956449,0.20821937495644904,0.8062622309197651,67.59105180533753,J69 (pneumonitis due to solids and liquids),52,1,0.786692759295499,,,0,0,,49,68,0.7786935152431818,0.7090470569107024,0.6241125422017458
I74 (arterial embolism and thrombosis),I74,False,,False,0.7059738449966348,0.20597384499663485,0.8003913894324853,69.66909385113269,I77 (other disorders of arteries and arterioles),103,2,0.7945205479452054,,,0,0,,48,55,0.7773868749917524,0.6972764486203301,0.5995744467464601
B97 (viral agents as the cause of diseases classified to other chapters),B97,False,,False,0.7289797413340658,0.22897974133406584,0.8414872798434442,62.77455804629124,L89 (decubitus ulcer),93,2,0.7592954990215264,,,0,0,,59,65,0.7767176539165042,0.7117491329040846,0.6290741671300857
I70 (atherosclerosis),I70,False,,False,0.7171910173801799,0.21719101738017987,0.821917808219178,24.54003989740667,G54 (nerve root and plexus disorders),58,1,0.3953033268101761,5.2780802745967375,I25 (chronic ischaemic heart disease),1618,6,0.2409972299168975,121,106,0.7763942619697362,0.711358611330223,0.6039289235922152
E55 (vitamin d deficiency),E55,False,,False,0.7226457898031997,0.2226457898031997,0.8336594911937377,22.207865892972276,H47 (other disorders of optic [2nd] nerve and visual pathways),66,2,0.350293542074364,3.7486423246449365,E66 (obesity),1173,6,0.11634349030470914,235,296,0.7760745598113464,0.7221280935467285,0.5713774658956333
I67 (other cerebrovascular diseases),I67,False,,True,0.7605370391913552,0.2605370391913552,0.8864970645792564,29.3668684457328,I63 (cerebral infarction),296,16,0.4637964774951076,29.3668684457328,I63 (cerebral infarction),296,16,0.8725761772853186,317,360,0.7758803513261981,0.7322965138824259,0.6238837266041053
E10 (insulin-dependent diabetes mellitus),E10,False,,False,0.4839758666480832,0.016024133351916825,0.07045009784735812,19.460112994350283,I87 (other disorders of veins),75,1,0.31702544031311153,18.309246096834944,E14 (unspecified diabetes mellitus),558,7,0.7728531855955678,118,84,0.7758035831815129,0.5538344870573843,0.5835765846560231
K83 (other diseases of biliary tract),K83,False,,False,0.7033369698655068,0.20333696986550676,0.7945205479452054,25.342603833278154,K86 (other diseases of pancreas),123,4,0.41291585127201563,23.06551997933667,K80 (cholelithiasis),946,28,0.8227146814404432,221,203,0.7755861872009355,0.6918947328855043,0.663350846686775
J43 (emphysema),J43,False,,False,0.7211257819048846,0.22112578190488463,0.8317025440313112,28.57982077663458,"J96 (respiratory failure, not elsewhere classified)",138,3,0.4500978473581213,11.546677904738187,J44 (other chronic obstructive pulmonary disease),797,7,0.6260387811634349,131,137,0.7746926242063814,0.7205177744135742,0.5979876855903751
J10 (influenza due to identified influenza virus),J10,False,,False,0.7248680455547297,0.22486804555472972,0.8356164383561644,45.36933614330875,J69 (pneumonitis due to solids and liquids),52,1,0.649706457925636,,,0,0,,73,72,0.7744596005347537,0.675357182722186,0.6069859317414599
K66 (other disorders of peritoneum),K66,False,,False,0.6597230572924433,0.1597230572924433,0.6868884540117417,29.030257058575646,K35 (acute appendicitis),105,4,0.45596868884540115,16.916415648562182,K80 (cholelithiasis),946,21,0.7617728531855956,226,249,0.7728077238530768,0.6562134512087915,0.689383701018302
E61 (deficiency of other nutrient elements),E61,False,,False,0.6677822283315527,0.16778222833155265,0.7142857142857143,74.55497835497835,K50 (crohn's disease [regional enteritis]),55,1,0.8140900195694716,,,0,0,,42,48,0.7704348882127982,0.6395227440313066,0.616510784387725
K40 (inguinal hernia),K40,False,,False,0.4686918895133795,0.03130811048662052,0.15459882583170254,26.959032157073214,K46 (unspecified abdominal hernia),87,14,0.42857142857142855,26.959032157073214,K46 (unspecified abdominal hernia),87,14,0.8559556786703602,1028,992,0.7702386925020452,0.7365519333548403,0.5874245110997739
E06 (thyroiditis),E06,False,,False,0.39789067913147913,0.10210932086852087,0.47162426614481406,86.19719719719718,H16 (keratitis),54,1,0.8434442270058709,,,0,0,,37,41,0.7686921562055221,0.6243889836003546,0.5823773800415447
I31 (other diseases of pericardium),I31,False,,False,0.6784064677700348,0.17840646777003477,0.7436399217221135,37.439565217391305,N75 (diseases of bartholin's gland),50,1,0.5694716242661448,,,0,0,,92,80,0.7684496225319396,0.6526754863530779,0.703679986933798
"M79 (other soft tissue disorders, not elsewhere classified)",M79,False,,False,0.45874151086434006,0.04125848913565994,0.2035225048923679,3.3949551339672928,H44 (disorders of globe),69,5,0.003913894324853229,3.3949551339672928,H44 (disorders of globe),69,5,0.07756232686980609,3676,3698,0.7676252948920631,0.5922865088807217,0.6087269998531126
J30 (vasomotor and allergic rhinitis),J30,False,,False,0.22970166906385928,0.27029833093614075,0.8943248532289628,10.967358672513237,B26 (mumps),106,7,0.15459882583170254,10.967358672513237,B26 (mumps),106,7,0.5955678670360111,1037,1035,0.766844054687305,0.7668856032046072,0.7062267906408071
H25 (senile cataract),H25,False,,False,0.7081933918433017,0.20819339184330166,0.8043052837573386,8.809096344527505,H26 (other cataract),2243,148,0.10371819960861056,8.809096344527505,H26 (other cataract),2243,148,0.5013850415512465,1290,1230,0.7666679072110802,0.7076963660604159,0.6522558135666128
G35 (multiple sclerosis),G35,False,,False,0.22615264247214337,0.2738473575278566,0.9001956947162426,40.285847953216376,I87 (other disorders of veins),75,1,0.6066536203522505,12.126174969195564,J45 (asthma),1495,6,0.6454293628808865,57,52,0.7656500394825465,0.7328818149822864,0.7463475294823856
F01 (vascular dementia),F01,False,,False,0.7907193966298971,0.2907193966298971,0.9041095890410958,94.30178347934918,F03 (unspecified dementia),136,7,0.8669275929549902,94.30178347934918,F03 (unspecified dementia),136,7,0.9750692520775623,94,78,0.7654575842503394,0.7536898377248663,0.5251623838312727
H27 (other disorders of lens),H27,False,,False,0.7295959768669475,0.22959597686694755,0.8434442270058709,56.82956607820492,H33 (retinal detachments and breaks),209,2,0.7240704500978473,23.828892954325333,H26 (other cataract),2243,9,0.8310249307479224,29,31,0.7653001965084679,0.5754939538953266,0.7010903570019321
K86 (other diseases of pancreas),K86,False,,False,0.6895747848586409,0.18957478485864088,0.7671232876712328,39.545809414466135,K85 (acute pancreatitis),130,4,0.5929549902152642,31.0444156031437,K83 (other diseases of biliary tract),207,5,0.8836565096952909,134,136,0.7646191304270571,0.6869257757185503,0.6166430686620779
H52 (disorders of refraction and accommodation),H52,False,,False,0.6936296160124981,0.19362961601249806,0.7788649706457925,15.952319411424815,H25 (senile cataract),1187,42,0.2465753424657534,15.952319411424815,H25 (senile cataract),1187,42,0.7257617728531855,382,359,0.7643619480664817,0.6920305382862009,0.6665937563244657
H68 (eustachian salpingitis and obstruction),H68,False,,False,0.3554282959660821,0.1445717040339179,0.6418786692759295,35.00447154471545,N43 (hydrocele and spermatocele),82,1,0.538160469667319,27.233080328905757,H92 (otalgia and effusion of ear),527,5,0.8587257617728532,60,74,0.7637995474307797,0.6372756026644393,0.5948983241629839
I69 (sequelae of cerebrovascular disease),I69,False,,True,0.6965924320677332,0.19659243206773325,0.7847358121330724,123.54519368723098,G81 (hemiplegia),68,2,0.923679060665362,,,0,0,,41,38,0.7634700320662666,0.7033481503074928,0.6427097064778503
D52 (folate deficiency anaemia),D52,False,,False,0.7582913113103994,0.2582913113103994,0.8825831702544031,114.20557029177719,G54 (nerve root and plexus disorders),58,1,0.9060665362035225,,,0,0,,26,26,0.7626339591533433,0.722255975299446,0.5227471551403071
I35 (nonrheumatic aortic valve disorders),I35,False,,False,0.7365651919398296,0.2365651919398296,0.8532289628180039,20.05986908006616,I24 (other acute ischaemic heart diseases),123,5,0.3268101761252446,20.05986908006616,I24 (other acute ischaemic heart diseases),123,5,0.8005540166204986,349,346,0.7622783369421697,0.7270436175569722,0.6192227797990236
I10 (essential (primary) hypertension),I10,False,,False,0.5461341716088056,0.04613417160880562,0.22504892367906065,4.120143540669857,D05 Carcinoma in situ of breast,80,8,0.007827788649706457,4.120143540669857,D05 Carcinoma in situ of breast,80,8,0.14681440443213298,4180,4123,0.7618252084163676,0.5849830546035907,0.5897250182032585
I63 (cerebral infarction),I63,False,,True,0.709924736053751,0.20992473605375095,0.812133072407045,29.530521262002743,"I65 (occlusion and stenosis of precerebral arteries, not resulting in cerebral infarction)",72,4,0.46771037181996084,27.31281413165471,"I64 (stroke, not specified as haemorrhage or infarction)",253,13,0.8614958448753463,324,282,0.7618041431126653,0.7028456911794867,0.6178738347526556
"F43 (reaction to severe stress, and adjustment disorders)",F43,False,,False,0.2815503878842951,0.2184496121157049,0.8297455968688845,15.902308402585408,G35 (multiple sclerosis),57,2,0.2446183953033268,7.681623550401427,N89 (other noninflammatory disorders of vagina),295,5,0.43490304709141275,380,364,0.7615642983322548,0.7633722266995202,0.619871033681412
I34 (nonrheumatic mitral valve disorders),I34,False,,False,0.7050465784902543,0.20504657849025432,0.7984344422700587,20.092399230006414,I31 (other diseases of pericardium),79,2,0.3287671232876712,12.523073287341278,I50 (heart failure),507,8,0.6509695290858726,217,239,0.7577730510332035,0.6883237111013651,0.6499298272264038
"E87 (other disorders of fluid, electrolyte and acid-base balance)",E87,False,,False,0.7175391594851324,0.21753915948513236,0.8258317025440313,12.865829971612133,"J96 (respiratory failure, not elsewhere classified)",138,7,0.1917808219178082,12.865829971612133,"J96 (respiratory failure, not elsewhere classified)",138,7,0.6592797783933518,679,646,0.7569758472660395,0.6991086782656637,0.6620937008266312
J84 (other interstitial pulmonary diseases),J84,False,,False,0.7095178339789553,0.2095178339789553,0.8082191780821918,40.20121381886087,I27 (other pulmonary heart diseases),63,3,0.6027397260273972,10.333237334101328,"J18 (pneumonia, organism unspecified)",817,10,0.5706371191135734,204,188,0.7562041283212689,0.6978734716858523,0.6586870932717335
E14 (unspecified diabetes mellitus),E14,False,,False,0.3164110264657572,0.1835889735342428,0.7455968688845401,10.518872918278431,E11 (non-insulin-dependent diabetes mellitus),1198,42,0.1487279843444227,10.518872918278431,E11 (non-insulin-dependent diabetes mellitus),1198,42,0.5789473684210527,574,547,0.7549519363052746,0.7153271950758219,0.6357550581447109
I20 (angina pectoris),I20,False,,True,0.5228324315551448,0.022832431555144805,0.12133072407045009,14.709736197148679,I25 (chronic ischaemic heart disease),1618,144,0.22309197651663404,14.709736197148679,I25 (chronic ischaemic heart disease),1618,144,0.7063711911357341,1042,1039,0.7545757559578987,0.6244436139310475,0.6689888633223182
N21 (calculus of lower urinary tract),N21,False,,False,0.638360301954521,0.13836030195452098,0.6144814090019569,35.291393442622955,E07 (other disorders of thyroid),61,1,0.5440313111545988,13.38790422885572,N32 (other disorders of bladder),804,5,0.6731301939058172,80,83,0.7539496825959564,0.7442054144905901,0.5916576985829692
K56 (paralytic ileus and intestinal obstruction without hernia),K56,False,,False,0.6481497619010341,0.14814976190103413,0.6555772994129159,26.501808109563743,"K91 (postprocedural disorders of digestive system, not elsewhere classified)",82,4,0.4207436399217221,4.749012816836161,I51 (complications and ill-defined descriptions of heart disease),572,5,0.19667590027700832,317,325,0.7532919032931246,0.6296632795252783,0.6639205069304805
J45 (asthma),J45,False,,False,0.2887962197990622,0.21120378020093777,0.8160469667318982,7.576114150400359,Male,3503,235,0.06653620352250489,7.576114150400359,Male,3503,235,0.4293628808864266,1525,1557,0.7525236328111546,0.7230131047445875,0.6942333367195139
E83 (disorders of mineral metabolism),E83,False,,False,0.6926135039794962,0.19261350397949617,0.776908023483366,30.637942076424963,E21 (hyperparathyroidism and other disorders of parathyroid gland),94,5,0.48532289628180036,30.637942076424963,E21 (hyperparathyroidism and other disorders of parathyroid gland),94,5,0.8781163434903048,299,331,0.7513446119650562,0.683758185588613,0.5998628852906378
G43 (migraine),G43,False,,False,0.26748242693596325,0.23251757306403675,0.8473581213307241,10.731062712091873,Female,3639,117,0.1506849315068493,10.731062712091873,Female,3639,117,0.590027700831025,516,519,0.7508168949507841,0.7430912732964888,0.679105939192133
"H59 (postprocedural disorders of eye and adnexa, not elsewhere classified)",H59,False,,False,0.6696834417940427,0.1696834417940427,0.7201565557729941,108.5204788909893,H44 (disorders of globe),69,1,0.898238747553816,,,0,0,,23,21,0.7507431362353312,0.5289139637185312,0.6892750644862291
K50 (crohn's disease [regional enteritis]),K50,False,,False,0.40401876451800234,0.09598123548199766,0.4383561643835616,40.12628145386767,M31 (other necrotising vasculopathies),74,1,0.6007827788649707,5.933603709136012,Male,3503,7,0.3185595567867036,58,80,0.7503654544134728,0.5408501016260163,0.6736263429152147
H26 (other cataract),H26,False,,False,0.6544384258998283,0.15443842589982826,0.675146771037182,13.009177776938474,H33 (retinal detachments and breaks),209,38,0.19765166340508805,13.009177776938474,H33 (retinal detachments and breaks),209,38,0.6648199445983379,2407,2393,0.7502150645396797,0.653169352699034,0.6255616147358203
C67 Malignant neoplasm of bladder,C67,False,,False,0.33633219807144465,0.16366780192855535,0.6966731898238747,57.87029569892473,N13 (obstructive and reflux uropathy),248,3,0.7318982387475538,,,0,0,,36,33,0.7499957337516192,0.6300882049051828,0.6892092592191869
"M25 (other joint disorders, not elsewhere classified)",M25,False,,False,0.4128335143450995,0.08716648565490048,0.3953033268101761,3.206626201060587,M75 (shoulder lesions),1204,74,0.0019569471624266144,3.206626201060587,M75 (shoulder lesions),1204,74,0.05817174515235457,3301,3345,0.7490674715330629,0.6075408152444336,0.5992539103341638
I61 (intracerebral haemorrhage),I61,False,,True,0.733220835317276,0.233220835317276,0.8493150684931506,36.94165594165594,I27 (other pulmonary heart diseases),63,1,0.5616438356164384,,,0,0,,74,64,0.7483469614466716,0.7080894233114229,0.6731508777494541
J13 (pneumonia due to streptococcus pneumoniae),J13,False,,False,0.45634331823986996,0.043656681760130045,0.21330724070450097,118.77379310344828,L53 (other erythematous conditions),50,1,0.9158512720156555,36.34448993373571,"J18 (pneumonia, organism unspecified)",817,5,0.9279778393351801,29,20,0.7479570126552885,0.4863230001161035,0.5976240856844306
M90 (osteopathies in diseases classified elsewhere),M90,False,,False,0.6838568767464908,0.18385687674649076,0.7495107632093934,110.01085915043119,I89 (other non-infective disorders of lymphatic vessels and lymph nodes),101,2,0.9001956947162426,,,0,0,,31,39,0.7473702246956002,0.6476618405427458,0.6770256612715725
C56 Malignant neoplasm of ovary,C56,False,,False,0.4847965782469078,0.015203421753092194,0.06653620352250489,98.46883933676385,"N83 (noninflammatory disorders of ovary, fallopian tube and broad ligament)",212,4,0.8767123287671232,,,0,0,,33,31,0.7462790644975886,0.7659401178226795,0.6578387364578548
D72 (other disorders of white blood cells),D72,False,,False,0.7099185919865085,0.20991859198650853,0.8101761252446184,38.39955406911929,I07 (rheumatic tricuspid valve diseases),65,1,0.5792563600782779,,,0,0,,69,59,0.7440817814005045,0.6465548946323304,0.5016426961849079
"J18 (pneumonia, organism unspecified)",J18,False,,False,0.633422582960852,0.13342258296085197,0.5909980430528375,19.830278187177598,"J96 (respiratory failure, not elsewhere classified)",138,15,0.32093933463796476,19.830278187177598,"J96 (respiratory failure, not elsewhere classified)",138,15,0.7950138504155124,944,953,0.7436428320576024,0.6676536448580306,0.6478724885313016
I44 (atrioventricular and left bundle-branch block),I44,False,,False,0.717409944138707,0.21740994413870696,0.8238747553816047,8.48384236453202,K74 (fibrosis and cirrhosis of liver),50,1,0.08610567514677103,6.674351510558407,I51 (complications and ill-defined descriptions of heart disease),572,9,0.3767313019390582,406,379,0.7422401222867447,0.7121740348217547,0.6184818994193427
G81 (hemiplegia),G81,False,,False,0.666748025322337,0.166748025322337,0.7045009784735812,56.76400791034938,I63 (cerebral infarction),296,8,0.7201565557729941,56.76400791034938,I63 (cerebral infarction),296,8,0.9695290858725761,82,100,0.741908642118713,0.6553728946451388,0.6431778081077941
D70 (agranulocytosis),D70,False,,False,0.6364878691141126,0.1364878691141126,0.6046966731898239,30.064065636728635,J93 (pneumothorax),57,2,0.4774951076320939,16.38738003969225,C50 Malignant neoplasm of breast,366,7,0.7479224376731302,201,241,0.7417360542995667,0.6155892496536357,0.6480485258107185
K26 (duodenal ulcer),K26,False,,False,0.39305578804844077,0.10694421195155923,0.4931506849315068,15.40722848452317,H16 (keratitis),54,1,0.23483365949119372,13.50633665851057,K25 (gastric ulcer),308,5,0.6814404432132964,207,187,0.7416297511813582,0.6620702939782808,0.6294261954059102
K55 (vascular disorders of intestine),K55,False,,False,0.7019697627102475,0.20196976271024747,0.7925636007827789,37.35024940360009,K56 (paralytic ileus and intestinal obstruction without hernia),261,6,0.5675146771037182,37.35024940360009,K56 (paralytic ileus and intestinal obstruction without hernia),261,6,0.9307479224376731,106,152,0.7409439334008473,0.6581405377026645,0.6340485370128472
I86 (varicose veins of other sites),I86,False,,False,0.39155731740814315,0.10844268259185685,0.49510763209393344,23.607415784243173,N50 (other disorders of male genital organs),411,4,0.3776908023483366,3.4622637337010933,Male,3503,5,0.08587257617728532,71,73,0.7403047749717586,0.7099760315536152,0.5561031558785854
H46 (optic neuritis),H46,False,,False,0.38820660335005264,0.11179339664994736,0.5146771037181996,431.63408521303256,G35 (multiple sclerosis),57,2,1.0,,,0,0,,14,24,0.7400890002863955,0.5698138478001733,0.5168527027602329
J61 (pneumoconiosis due to asbestos and other mineral fibres),J61,False,,False,0.6580119880699862,0.15801198806998618,0.6790606653620352,57.56082887700535,F03 (unspecified dementia),136,1,0.7299412915851272,,,0,0,,22,33,0.7388404178565982,0.7514743186801336,0.4852431787966224
D41 Neoplasm of uncertain or unknown behaviour of urinary organs,D41,False,,False,0.5144418834779603,0.014441883477960271,0.06457925636007827,88.8658410732714,N02 (recurrent and persistent haematuria),57,1,0.8512720156555773,,,0,0,,34,36,0.7387142496819756,0.7142995143839876,0.6398194163834766
M77 (other enthesopathies),M77,False,,False,0.32821704710792454,0.17178295289207546,0.726027397260274,5.610842333317044,J93 (pneumothorax),57,2,0.03131115459882583,4.77340317909062,K26 (duodenal ulcer),201,6,0.20221606648199447,1077,1071,0.738599789570344,0.7025651139147784,0.6190985502951305
I71 (aortic aneurysm and dissection),I71,False,,False,0.6923450902529629,0.19234509025296287,0.7749510763209393,38.14440753045404,I27 (other pulmonary heart diseases),63,3,0.5753424657534246,14.833936261843238,I35 (nonrheumatic aortic valve disorders),324,6,0.7091412742382271,215,184,0.7384641768446731,0.7570082219024367,0.5683038100827444
M80 (osteoporosis with pathological fracture),M80,False,,False,0.6768248424777528,0.17682484247775276,0.7377690802348337,54.90897497210266,G99 (other disorders of nervous system in diseases classified elsewhere),51,2,0.7123287671232876,8.729294649554975,M81 (osteoporosis without pathological fracture),802,5,0.4986149584487535,123,113,0.7373046832333147,0.6870005203324144,0.6062398974529308
H17 (corneal scars and opacities),H17,False,,False,0.6547306397306398,0.15473063973063983,0.6771037181996086,31.370127504553732,H90 (conductive and sensorineural hearing loss),305,1,0.49706457925636005,,,0,0,,18,20,0.7364356205735516,0.6559627888076164,0.4652007140369208
E53 (deficiency of other b group vitamins),E53,False,,False,0.7004380600640976,0.2004380600640976,0.7906066536203522,18.138177988414956,K90 (intestinal malabsorption),135,3,0.2896281800391389,5.088640956849582,M81 (osteoporosis without pathological fracture),802,5,0.22437673130193905,211,223,0.736272714504274,0.6683447223442038,0.5324356869846371
N23 (unspecified renal colic),N23,False,,False,0.2631098202585168,0.2368901797414832,0.8551859099804305,21.46335992023928,N20 (calculus of kidney and ureter),236,5,0.3405088062622309,21.46335992023928,N20 (calculus of kidney and ureter),236,5,0.8088642659279779,170,157,0.7359404071544009,0.7344443469565962,0.5719793921625665
N13 (obstructive and reflux uropathy),N13,False,,False,0.6849086870991075,0.18490868709910746,0.7514677103718199,46.63842869886581,N20 (calculus of kidney and ureter),236,17,0.6575342465753424,46.63842869886581,N20 (calculus of kidney and ureter),236,17,0.9473684210526315,266,243,0.7350661551392272,0.6908441506422044,0.6405329090969066
G63 (polyneuropathy in diseases classified elsewhere),G63,False,,False,0.7080575510151541,0.2080575510151541,0.8023483365949119,157.1368613138686,H54 (blindness and low vision),137,2,0.974559686888454,,,0,0,,16,23,0.7347305378641771,0.6161317101772352,0.6395259762271288
G12 (spinal muscular atrophy and related syndromes),G12,False,,False,0.6977044632657856,0.1977044632657856,0.786692759295499,86.0679660169915,H44 (disorders of globe),69,1,0.8395303326810176,,,0,0,,29,26,0.733715126409926,0.61681675807908,0.5405157499970973
N34 (urethritis and urethral syndrome),N34,False,,False,0.2509999460900793,0.2490000539099207,0.8688845401174168,50.35730994152047,E10 (insulin-dependent diabetes mellitus),114,1,0.6927592954990215,,,0,0,,30,35,0.7333982740531553,0.6276944385696455,0.5578161505828492
L05 (pilonidal cyst),L05,False,,False,0.28227187036320434,0.21772812963679566,0.8277886497064579,70.52497952497953,H47 (other disorders of optic [2nd] nerve and visual pathways),66,1,0.7984344422700587,7.972564057063058,Male,3503,6,0.4626038781163435,37,51,0.7330453446670808,0.7048692808560058,0.652427587574637
M18 (arthrosis of first carpometacarpal joint),M18,False,,False,0.6411755911606535,0.14117559116065348,0.6203522504892368,31.62938475665748,D68 (other coagulation defects),55,1,0.5009784735812133,16.137441202376266,M15 (polyarthrosis),539,5,0.7340720221606648,99,115,0.7329997891304978,0.6505132967742018,0.5908737699805167
I95 (hypotension),I95,False,,False,0.7121863981972437,0.21218639819724372,0.8199608610567515,9.491953262786597,G95 (other diseases of spinal cord),56,2,0.12133072407045009,6.644367283950618,I08 (multiple valve diseases),200,5,0.3739612188365651,648,696,0.7322966263700605,0.7033068376482334,0.6094051241481669
D04 Carcinoma in situ of skin,D04,False,,False,0.5037059871468348,0.0037059871468347882,0.03131115459882583,51.68727490996398,D72 (other disorders of white blood cells),68,1,0.6966731898238747,,,0,0,,49,55,0.7302922973383128,0.6295322450810911,0.6441664313332189
D61 (other aplastic anaemias),D61,False,,False,0.6782806645493675,0.17828066454936753,0.7416829745596869,70.87325102880658,"N12 (tubulo-interstitial nephritis, not specified as acute or chronic)",54,1,0.8003913894324853,24.120728291316528,D64 (other anaemias),952,6,0.8393351800554016,45,48,0.7300156910446374,0.6487945765014632,0.5505347922182482
M81 (osteoporosis without pathological fracture),M81,False,,False,0.5985467965923679,0.09854679659236787,0.45792563600782776,21.456229235880397,M80 (osteoporosis with pathological fracture),112,12,0.3385518590998043,21.456229235880397,M80 (osteoporosis with pathological fracture),112,12,0.8060941828254847,860,900,0.7299713858741458,0.7072317916002127,0.6105713716108453
E11 (non-insulin-dependent diabetes mellitus),E11,False,,True,0.5426892423623387,0.04268924236233873,0.20939334637964774,14.567882437275985,E14 (unspecified diabetes mellitus),558,59,0.22113502935420742,14.567882437275985,E14 (unspecified diabetes mellitus),558,59,0.7008310249307479,1250,1234,0.728008870522684,0.6168954360728045,0.5767181498428651
F06 (other mental disorders due to brain damage and dysfunction and to physical disease),F06,False,,False,0.7100003483713639,0.21000034837136394,0.8140900195694716,66.23923076923077,J69 (pneumonitis due to solids and liquids),52,1,0.7827788649706457,,,0,0,,50,50,0.7275828252917611,0.651392440341404,0.6408392846774662
I26 (pulmonary embolism),I26,False,,False,0.6535286070081388,0.15352860700813875,0.6653620352250489,10.845214105793453,"L97 (ulcer of lower limb, not elsewhere classified)",80,2,0.15264187866927592,10.613053559186252,"J90 (pleural effusion, not elsewhere classified)",327,8,0.5844875346260388,397,386,0.7275179709196612,0.6367409084077662,0.6230698431392621
L65 (other nonscarring hair loss),L65,False,,False,0.41259815377642317,0.08740184622357683,0.3972602739726027,28.944873949579833,D03 Melanoma in situ,50,1,0.45401174168297453,3.4689446248297977,"L98 (other disorders of skin and subcutaneous tissue, not elsewhere classified)",2086,5,0.0886426592797784,119,106,0.7271077076261816,0.695488038537583,0.548969137408383
M85 (other disorders of bone density and structure),M85,False,,False,0.5728429281579608,0.07284292815796078,0.34833659491193736,21.718102783217613,M84 (disorders of continuity of bone),164,17,0.34442270058708413,21.718102783217613,M84 (disorders of continuity of bone),164,17,0.8116343490304709,822,852,0.7267942482539105,0.7106811106232639,0.5772526142184168
C25 Malignant neoplasm of pancreas,C25,False,,False,0.5987475279042046,0.0987475279042046,0.4598825831702544,100.01277584204414,K86 (other diseases of pancreas),123,3,0.8825831702544031,,,0,0,,42,24,0.7264023701157967,0.6760977605037464,0.7046387353706112
J22 (unspecified acute lower respiratory infection),J22,False,,False,0.4968663723879137,0.0031336276120862983,0.021526418786692758,3.6216852774798647,G30 (alzheimer's disease),132,8,0.005870841487279843,3.6216852774798647,G30 (alzheimer's disease),132,8,0.0997229916897507,2882,2850,0.7241144063014173,0.571028005148325,0.5973741057477548
I42 (cardiomyopathy),I42,False,,False,0.5455022466311468,0.04550224663114677,0.22113502935420742,71.60997920997922,I07 (rheumatic tricuspid valve diseases),65,2,0.8023483365949119,32.13268297883682,I50 (heart failure),507,7,0.889196675900277,74,77,0.7225405065947912,0.608460522016035,0.6488395868633148
B96 (other bacterial agents as the cause of diseases classified to other chapters),B96,False,,False,0.6345917713279325,0.13459177132793254,0.6007827788649707,31.744040304743184,J69 (pneumonitis due to solids and liquids),52,3,0.5048923679060665,4.736556946475309,J98 (other respiratory disorders),697,6,0.19390581717451524,313,299,0.7222950116271497,0.6301523857763007,0.6278295908825116
K82 (other diseases of gallbladder),K82,False,,False,0.5712172816146326,0.07121728161463259,0.33463796477495106,35.32368811334448,K80 (cholelithiasis),946,26,0.5459882583170255,35.32368811334448,K80 (cholelithiasis),946,26,0.925207756232687,134,140,0.7221534382313399,0.567161363674086,0.6745108632508423
"L97 (ulcer of lower limb, not elsewhere classified)",L97,False,,False,0.6912390989295976,0.19123909892959756,0.7710371819960861,36.257263157894734,K74 (fibrosis and cirrhosis of liver),50,1,0.5577299412915852,3.252355862746209,J22 (unspecified acute lower respiratory infection),2787,5,0.06371191135734072,95,74,0.7211767270563132,0.6775620870164614,0.5486695538435895
C73 Malignant neoplasm of thyroid gland,C73,False,,False,0.3258691803088355,0.1741308196911645,0.7338551859099804,138.70228187919463,E04 (other non-toxic goitre),149,3,0.9471624266144814,,,0,0,,25,20,0.7210172123534192,0.6585221467549054,0.6748380355276907
J44 (other chronic obstructive pulmonary disease),J44,False,,False,0.6438456018606628,0.14384560186066275,0.639921722113503,11.793604053961515,J43 (emphysema),119,7,0.18003913894324852,11.793604053961515,J43 (emphysema),119,7,0.631578947368421,859,827,0.720792431677438,0.6488242349084764,0.5987587060057162
F20 (schizophrenia),F20,False,,False,0.2684224352127067,0.2315775647872933,0.8454011741682974,156.56545454545454,E27 (other disorders of adrenal gland),55,1,0.9726027397260274,,,0,0,,20,24,0.7205631927673539,0.6410409264892564,0.7244220327110037
"M96 (postprocedural musculoskeletal disorders, not elsewhere classified)",M96,False,,False,0.6094617525753696,0.10946175257536961,0.5009784735812133,88.18330773169482,I27 (other pulmonary heart diseases),63,1,0.8454011741682974,,,0,0,,31,31,0.7199762759051553,0.5633988417742581,0.5171575507999578
M95 (other acquired deformities of musculoskeletal system and connective tissue),M95,False,,False,0.25654944300332816,0.24345055699667184,0.863013698630137,42.304593465978876,H68 (eustachian salpingitis and obstruction),59,1,0.6262230919765166,3.562619204243154,Male,3503,5,0.09418282548476455,69,61,0.7195796450173668,0.7418328588294794,0.5439095893819526
H92 (otalgia and effusion of ear),H92,False,,False,0.3949193848374445,0.10508061516255551,0.4892367906066536,16.21381643096828,H66 (suppurative and unspecified otitis media),279,14,0.25244618395303325,16.21381643096828,H66 (suppurative and unspecified otitis media),279,14,0.739612188365651,533,506,0.7185889783206731,0.6354114879137773,0.6395974619376475
I45 (other conduction disorders),I45,False,,False,0.7045822591995086,0.20458225919950856,0.7964774951076321,29.09810768191034,K55 (vascular disorders of intestine),92,3,0.4598825831702544,4.949598876690507,I48 (atrial fibrillation and flutter),1262,7,0.21329639889196675,193,233,0.7185123283634118,0.707097304556787,0.5741751598918062
J93 (pneumothorax),J93,False,,False,0.434527271578221,0.06547272842177898,0.32093933463796476,44.22752953261428,J10 (influenza due to identified influenza virus),66,1,0.6438356164383562,7.499615341813554,Male,3503,9,0.4182825484764543,59,85,0.7180505002024039,0.639423396525485,0.659084861041603
E78 (disorders of lipoprotein metabolism and other lipidaemias),E78,False,,False,0.4272835669600554,0.07271643303994457,0.34637964774951074,4.233329400428687,L92 (granulomatous disorders of skin and subcutaneous tissue),66,5,0.011741682974559686,4.233329400428687,L92 (granulomatous disorders of skin and subcutaneous tissue),66,5,0.15512465373961218,3082,3036,0.71802569375478,0.6114262366916112,0.5772000003409723
J06 (acute upper respiratory infections of multiple and unspecified sites),J06,False,,False,0.4270374939624765,0.07296250603752352,0.350293542074364,4.384768144476882,N61 (inflammatory disorders of breast),52,3,0.0136986301369863,3.3629490193628,K11 (diseases of salivary glands),113,5,0.07479224376731301,2266,2182,0.7163090441560194,0.6064204277818646,0.6321606777088516
G55 (nerve root and plexus compressions in diseases classified elsewhere),G55,False,,False,0.597385271875156,0.097385271875156,0.45596868884540115,38.410328354772794,M51 (other intervertebral disk disorders),702,31,0.5812133072407045,38.410328354772794,M51 (other intervertebral disk disorders),702,31,0.9362880886426593,198,201,0.7163035062080562,0.5874078748800988,0.6601549057113332
M45 (ankylosing spondylitis),M45,False,,False,0.32464646537681563,0.17535353462318437,0.735812133072407,65.63338414634146,"G31 (other degenerative diseases of nervous system, not elsewhere classified)",64,1,0.7808219178082192,7.194752929544711,Male,3503,6,0.3988919667590028,41,53,0.7158139581252518,0.617683375527537,0.6361243185962011
J02 (acute pharyngitis),J02,False,,False,0.3518036218012896,0.1481963781987104,0.6575342465753424,10.390467571644043,N75 (diseases of bartholin's gland),50,2,0.14677103718199608,7.421762551174316,J03 (acute tonsillitis),420,12,0.4099722991689751,663,689,0.7155831762805807,0.6704775901659497,0.6278450937934663
M19 (other arthrosis),M19,False,,False,0.48105324701745467,0.018946752982545334,0.10371819960861056,5.788313268399579,M05 (seropositive rheumatoid arthritis),51,5,0.03718199608610567,5.788313268399579,M05 (seropositive rheumatoid arthritis),51,5,0.31301939058171746,2917,2970,0.7148799743144436,0.5450310440057059,0.5912422981612634
E16 (other disorders of pancreatic internal secretion),E16,False,,False,0.6543318589596223,0.15433185895962231,0.6712328767123288,20.74963855421687,L53 (other erythematous conditions),50,1,0.33463796477495106,2.020693793538092,"M79 (other soft tissue disorders, not elsewhere classified)",3594,7,0.00554016620498615,166,158,0.7148246813159757,0.6498494812113692,0.5523408918519526
I62 (other nontraumatic intracranial haemorrhage),I62,False,,True,0.7472619957992545,0.24726199579925445,0.8669275929549902,62.489840348330915,J69 (pneumonitis due to solids and liquids),52,1,0.7553816046966731,34.642555416985154,H53 (visual disturbances),469,5,0.9168975069252078,53,51,0.7146549298989637,0.737233737708311,0.5878143998659331
H66 (suppurative and unspecified otitis media),H66,False,,False,0.36964871691490736,0.13035128308509264,0.5753424657534246,24.603142857142856,N75 (diseases of bartholin's gland),50,2,0.39921722113502933,7.904047062750333,H60 (otitis externa),856,11,0.45706371191135736,280,319,0.7145792188536444,0.6370947382014647,0.6141598520580203
C90 Multiple myeloma and malignant plasma cell neoplasms,C90,True,underperforms_age_sex,False,0.5850947570109737,0.08509475701097369,0.38551859099804303,60.492448191078324,N19 (unspecified renal failure),73,1,0.7514677103718199,,,0,0,,39,50,0.7139230099285838,0.7714165940892992,0.6438946176624283
C18 Malignant neoplasm of colon,C18,False,,False,0.4978671183759674,0.0021328816240325787,0.019569471624266144,34.72917927001412,K56 (paralytic ileus and intestinal obstruction without hernia),261,7,0.5362035225048923,34.72917927001412,K56 (paralytic ileus and intestinal obstruction without hernia),261,7,0.9196675900277008,133,133,0.7138780586673803,0.6020734115549349,0.6594328304219453
H69 (other disorders of eustachian tube),H69,False,,False,0.4992752142438499,0.0007247857561500926,0.007827788649706457,27.55552,N75 (diseases of bartholin's gland),50,1,0.436399217221135,3.086415770609319,J06 (acute upper respiratory infections of multiple and unspecified sites),2232,5,0.05263157894736842,125,110,0.7136692856426259,0.5900324467888503,0.574575050029833
G99 (other disorders of nervous system in diseases classified elsewhere),G99,False,,False,0.6435272492216355,0.1435272492216355,0.6360078277886497,56.951719576719576,"N12 (tubulo-interstitial nephritis, not specified as acute or chronic)",54,1,0.726027397260274,28.528690697058046,M48 (other spondylopathies),539,5,0.8642659279778393,56,62,0.7129135652899045,0.5535074356245404,0.6635302162038437
"K27 (peptic ulcer, site unspecified)",K27,False,,False,0.36906618287373005,0.13093381712626995,0.5812133072407045,39.41006864988559,M18 (arthrosis of first carpometacarpal joint),95,1,0.589041095890411,,,0,0,,46,30,0.7125598451862603,0.6198115142718916,0.6515569424286405
E21 (hyperparathyroidism and other disorders of parathyroid gland),E21,False,,False,0.6447338279379702,0.14473382793797018,0.6438356164383562,40.39924935491438,"E89 (postprocedural endocrine and metabolic disorders, not elsewhere classified)",87,2,0.6105675146771037,10.956155529543489,M81 (osteoporosis without pathological fracture),802,5,0.592797783933518,98,109,0.712291103377648,0.6641831283694433,0.578576989731619
K58 (irritable bowel syndrome),K58,False,,False,0.3149240701261731,0.18507592987382693,0.7534246575342466,12.639219139879641,B27 (infectious mononucleosis),54,3,0.18395303326810175,5.2908359190193845,K52 (other non-infective gastro-enteritis and colitis),602,14,0.24376731301939059,757,774,0.7106629841654164,0.6904309492822227,0.6375560654931923
C44 Other malignant neoplasms of skin,C44,False,,False,0.4965764677151161,0.003423532284883901,0.0273972602739726,11.461612296531321,"L98 (other disorders of skin and subcutaneous tissue, not elsewhere classified)",2086,123,0.17025440313111545,11.461612296531321,"L98 (other disorders of skin and subcutaneous tissue, not elsewhere classified)",2086,123,0.6204986149584487,886,829,0.7085863503827289,0.6237562879451699,0.6078473792119556
K31 (other diseases of stomach and duodenum),K31,False,,False,0.6175488246264258,0.1175488246264258,0.5303326810176126,13.969987021414665,K75 (other inflammatory liver diseases),67,3,0.21526418786692758,7.536144367429811,K83 (other diseases of biliary tract),207,5,0.42382271468144045,552,539,0.70842045674788,0.6150781326573445,0.6291551666568198
I84 (haemorrhoids),I84,False,,False,0.3792435778519938,0.12075642214800619,0.5440313111545988,11.226841892543774,B98 (other specified infectious agents as the cause of diseases classified to other chapters),111,5,0.162426614481409,11.226841892543774,B98 (other specified infectious agents as the cause of diseases classified to other chapters),111,5,0.6066481994459834,691,726,0.7083490059800461,0.638983328896497,0.6090638649434078
J01 (acute sinusitis),J01,False,,False,0.365491273813834,0.134508726186166,0.598825831702544,6.587438800489597,L50 (urticaria),344,9,0.043052837573385516,6.587438800489597,L50 (urticaria),344,9,0.3656509695290859,684,667,0.7081944364010475,0.664128921886245,0.6381206499533822
D64 (other anaemias),D64,False,,False,0.6421514281703602,0.1421514281703602,0.6262230919765166,13.925242870762585,D50 (iron deficiency anaemia),810,67,0.21330724070450097,13.925242870762585,D50 (iron deficiency anaemia),810,67,0.6897506925207756,1023,1032,0.7079930984991529,0.6377504346568048,0.6412961644049303
E05 (thyrotoxicosis [hyperthyroidism]),E05,False,,False,0.41517533273377544,0.08482466726622456,0.3835616438356164,20.0982611739993,F33 (recurrent depressive disorder),82,2,0.33072407045009783,9.705874065182229,E03 (other hypothyroidism),849,10,0.5429362880886427,209,199,0.707883855911142,0.6911180281787948,0.6087490234454564
C34 Malignant neoplasm of bronchus and lung,C34,False,,False,0.6025446959908645,0.10254469599086447,0.4774951076320939,32.917048929663615,"J90 (pleural effusion, not elsewhere classified)",327,6,0.5146771037181996,32.917048929663615,"J90 (pleural effusion, not elsewhere classified)",327,6,0.8947368421052632,96,104,0.7070108940404451,0.6570550516734218,0.6175879734868792
B36 (other superficial mycoses),B36,False,,False,0.4044054684444207,0.09559453155557929,0.436399217221135,14.810973512211902,N02 (recurrent and persistent haematuria),57,1,0.22504892367906065,6.130268082336669,N18 (chronic renal failure),964,7,0.33518005540166207,204,211,0.7067521050397533,0.5912387896633222,0.5697393410375244
I48 (atrial fibrillation and flutter),I48,False,,True,0.6540630188128655,0.15406301881286555,0.6692759295499021,10.361835772044666,I49 (other cardiac arrhythmias),371,30,0.14285714285714285,10.361835772044666,I49 (other cardiac arrhythmias),371,30,0.5734072022160664,1344,1420,0.705722067980869,0.669962295133319,0.6012930238577667
B35 (dermatophytosis),B35,False,,False,0.40926699838318364,0.09073300161681636,0.41487279843444225,8.574657704754792,L25 (unspecified contact dermatitis),105,7,0.09001956947162426,8.574657704754792,L25 (unspecified contact dermatitis),105,7,0.48476454293628807,1339,1260,0.7025340835472692,0.6424069054394455,0.6243263968940789
M23 (internal derangement of knee),M23,False,,False,0.34709467665253896,0.15290532334746104,0.6634050880626223,16.714091614906835,M22 (disorders of patella),69,3,0.26418786692759294,7.078630868069608,M17 (gonarthrosis [arthrosis of knee]),1412,26,0.39058171745152354,448,436,0.7024634394775378,0.6597836615308658,0.6158638600958539
I77 (other disorders of arteries and arterioles),I77,False,,False,0.683595395755886,0.18359539575588602,0.7475538160469667,31.99071236184638,I71 (aortic aneurysm and dissection),194,4,0.5088062622309197,24.117350511132894,I73 (other peripheral vascular diseases),386,6,0.8365650969529086,111,120,0.7004762043060719,0.6605760145600991,0.5891782353624535
M15 (polyarthrosis),M15,False,,False,0.6047016895329314,0.10470168953293135,0.487279843444227,10.064840382789102,M24 (other specific joint derangements),117,4,0.13111545988258316,4.779165279165278,K25 (gastric ulcer),308,5,0.20498614958448755,585,596,0.7000334937185205,0.6430621073146873,0.6073508128090488
M10 (gout),M10,False,,False,0.4625130428320714,0.0374869571679286,0.18590998043052837,7.076840894148585,I42 (cardiomyopathy),72,2,0.04892367906066536,3.4182171832427657,Male,3503,47,0.08033240997229917,676,691,0.699297164490395,0.6726178452248317,0.5692796038499394
L57 (skin changes due to chronic exposure to nonionising radiation),L57,False,,False,0.5640978478391382,0.06409784783913819,0.3131115459882583,5.844373557757567,N36 (other disorders of urethra),53,2,0.03913894324853229,5.568404815936321,"L98 (other disorders of skin and subcutaneous tissue, not elsewhere classified)",2086,75,0.2853185595567867,1112,1118,0.6992324264290601,0.6253619268391687,0.6124851167268144
"J11 (influenza, virus not identified)",J11,False,,False,0.35637492350354716,0.14362507649645284,0.6379647749510763,10.220081497013094,H65 (nonsuppurative otitis media),157,3,0.136986301369863,4.0519009975531715,J02 (acute pharyngitis),660,5,0.14127423822714683,322,299,0.6988701734746736,0.6580811437150472,0.568553082952171
K51 (ulcerative colitis),K51,False,,False,0.39878868957415936,0.10121131042584064,0.46771037181996084,41.92356377799416,J69 (pneumonitis due to solids and liquids),52,2,0.62426614481409,32.5917406114639,K52 (other non-infective gastro-enteritis and colitis),602,18,0.8919667590027701,158,163,0.6986479734804449,0.5929863446077182,0.6693972722435813
I72 (other aneurysm),I72,False,,False,0.6610964188664596,0.16109641886645965,0.6888454011741683,43.0555,"L97 (ulcer of lower limb, not elsewhere classified)",80,1,0.6301369863013698,4.294812967581048,I10 (essential (primary) hypertension),4010,5,0.16620498614958448,50,56,0.6986175810904072,0.6320392648942241,0.5762449214809948
D73 (diseases of spleen),D73,False,,False,0.6393801380564114,0.13938013805641136,0.6164383561643836,43.75558943089431,K86 (other diseases of pancreas),123,1,0.6418786692759295,,,0,0,,32,39,0.6984882094989444,0.5716738725807415,0.5402852354013807
M22 (disorders of patella),M22,False,,False,0.2607543151087689,0.2392456848912311,0.8571428571428571,40.25759700794764,H50 (other strabismus),62,1,0.6046966731898239,4.275143045091785,Male,3503,6,0.16066481994459833,69,77,0.6979066762868438,0.6888027276173824,0.5954067650902202
M41 (scoliosis),M41,False,,False,0.5969563810187721,0.09695638101877213,0.4500978473581213,24.16133557800224,"N12 (tubulo-interstitial nephritis, not specified as acute or chronic)",54,1,0.38551859099804303,5.5852402449149015,M47 (spondylosis),1168,5,0.29085872576177285,132,140,0.6973844171687497,0.6775976572225266,0.6213147936065329
E29 (testicular dysfunction),E29,False,,False,0.3455849361898348,0.15441506381016518,0.6731898238747553,108.11173885750158,B06 (rubella [german measles]),59,1,0.8962818003913894,,,0,0,,27,28,0.6973284158425695,0.6955615899960523,0.612311882756493
"G04 (encephalitis, myelitis and encephalomyelitis)",G04,False,,False,0.492663262753757,0.007336737246243008,0.03718199608610567,171.0248262164846,G93 (other disorders of brain),106,2,0.9804305283757339,,,0,0,,19,23,0.6972333553176737,0.5859082902165142,0.5052195771182139
N35 (urethral stricture),N35,False,,False,0.5591389041853532,0.05913890418535317,0.2857142857142857,33.57153996101364,"N12 (tubulo-interstitial nephritis, not specified as acute or chronic)",54,2,0.5244618395303327,7.891817229641267,N32 (other disorders of bladder),804,7,0.4487534626038781,190,157,0.6969206512110969,0.5823686076069657,0.6393377184609244
"L98 (other disorders of skin and subcutaneous tissue, not elsewhere classified)",L98,False,,False,0.5079739827297707,0.007973982729770679,0.043052837573385516,4.168476594646055,A49 (bacterial infection of unspecified site),58,3,0.009784735812133072,3.063383384369518,L21 (seborrhoeic dermatitis),342,13,0.04986149584487535,2137,2100,0.6968207514172668,0.5752980261795634,0.6095737426478407
K81 (cholecystitis),K81,False,,False,0.556870252973923,0.05687025297392301,0.2700587084148728,33.33362117738142,K80 (cholelithiasis),946,39,0.5225048923679061,33.33362117738142,K80 (cholelithiasis),946,39,0.9002770083102493,213,205,0.6959868888707774,0.5267083482457664,0.6235637608388288
M35 (other systemic involvement of connective tissue),M35,False,,False,0.6676440486186641,0.1676440486186641,0.7123287671232876,19.012198487608323,E07 (other disorders of thyroid),61,2,0.30919765166340507,7.511296034612096,I73 (other peripheral vascular diseases),386,5,0.42105263157894735,297,319,0.6954848368239216,0.6829241590628946,0.5489503078439142
H60 (otitis externa),H60,False,,False,0.42131328125866174,0.07868671874133826,0.3679060665362035,12.77137560252132,H66 (suppurative and unspecified otitis media),279,18,0.18786692759295498,12.77137560252132,H66 (suppurative and unspecified otitis media),279,18,0.6565096952908587,870,855,0.6943858796278529,0.6085017931050951,0.6198991051104987
I11 (hypertensive heart disease),I11,False,,False,0.6664769250966203,0.16647692509662027,0.7025440313111546,119.5986111111111,"I65 (occlusion and stenosis of precerebral arteries, not resulting in cerebral infarction)",72,1,0.9178082191780822,,,0,0,,20,31,0.6943224915018935,0.6616026985689696,0.5565683325283596
K57 (diverticular disease of intestine),K57,False,,False,0.6094915466418986,0.10949154664189864,0.50293542074364,4.615815660348832,K92 (other diseases of digestive system),620,39,0.015655577299412915,4.615815660348832,K92 (other diseases of digestive system),620,39,0.18559556786703602,2347,2334,0.6939069780732106,0.6073455867442181,0.6209257359142388
M16 (coxarthrosis [arthrosis of hip]),M16,False,,False,0.5799881687079755,0.07998816870797554,0.37181996086105673,5.983254585881045,M11 (other crystal arthropathies),56,2,0.0410958904109589,4.946904043638055,M19 (other arthrosis),2777,82,0.21052631578947367,1028,1008,0.6924777089232239,0.6103624556956464,0.6199892516414992
K75 (other inflammatory liver diseases),K75,False,,False,0.6106948604048159,0.11069486040481591,0.512720156555773,98.41257142857143,K74 (fibrosis and cirrhosis of liver),50,2,0.8747553816046967,,,0,0,,70,65,0.691985197394134,0.5480412007352169,0.5876203940065974
"I64 (stroke, not specified as haemorrhage or infarction)",I64,False,,True,0.49953397905693464,0.00046602094306535946,0.0019569471624266144,50.23002138829477,I63 (cerebral infarction),296,24,0.6888454011741683,50.23002138829477,I63 (cerebral infarction),296,24,0.96398891966759,278,252,0.6918960982173076,0.5508590148299963,0.7058682607408686
E03 (other hypothyroidism),E03,False,,False,0.3628557265011638,0.13714427349883618,0.6105675146771037,18.743372665826556,E05 (thyrotoxicosis [hyperthyroidism]),203,19,0.299412915851272,18.743372665826556,E05 (thyrotoxicosis [hyperthyroidism]),203,19,0.7811634349030471,860,876,0.6916335257863369,0.6828937266586597,0.5784212156406041
"N12 (tubulo-interstitial nephritis, not specified as acute or chronic)",N12,False,,False,0.5864713150651522,0.08647131506515215,0.38943248532289626,39.446174988547874,K65 (peritonitis),74,1,0.5909980430528375,,,0,0,,59,73,0.6912811842962805,0.6280273875554834,0.5877953030563488
H10 (conjunctivitis),H10,False,,False,0.3771208589986724,0.12287914100132757,0.5577299412915852,15.019360465116279,K05 (gingivitis and periodontal diseases),50,3,0.22896281800391388,6.348763481631278,H57 (other disorders of eye and adnexa),276,7,0.3518005540166205,688,725,0.6912728741863221,0.6370211744700353,0.6142854116353558
E79 (disorders of purine and pyrimidine metabolism),E79,False,,False,0.44937025890415844,0.05062974109584156,0.2446183953033268,102.51309523809525,M11 (other crystal arthropathies),56,1,0.8864970645792564,,,0,0,,30,21,0.6906520054657452,0.6671424176053833,0.6172749561222731
F17 (mental and behavioural disorders due to use of tobacco),F17,False,,False,0.3286607671526174,0.17133923284738262,0.7221135029354208,10.382950503406281,N02 (recurrent and persistent haematuria),57,4,0.14481409001956946,4.998548806538498,N87 (dysplasia of cervix uteri),148,5,0.22160664819944598,1164,1110,0.6906159015824845,0.6795134598289356,0.5861905081455822
H31 (other disorders of choroid),H31,False,,False,0.6293023208392083,0.12930232083920834,0.5714285714285714,54.93524720893142,H33 (retinal detachments and breaks),209,2,0.7162426614481409,,,0,0,,30,41,0.6898416395029086,0.5795298053654601,0.5921522971696023
Q21 (congenital malformations of cardiac septa),Q21,False,,False,0.5368853274770187,0.03688532747701867,0.18003913894324852,41.639748549323016,E21 (hyperparathyroidism and other disorders of parathyroid gland),94,1,0.6223091976516634,,,0,0,,44,28,0.6895867474895585,0.5486234246502633,0.6576103408295486
"E89 (postprocedural endocrine and metabolic disorders, not elsewhere classified)",E89,False,,False,0.6169294573072382,0.11692945730723825,0.5283757338551859,59.743987049028675,E21 (hyperparathyroidism and other disorders of parathyroid gland),94,3,0.7495107632093934,11.024606954473295,E03 (other hypothyroidism),849,5,0.5983379501385041,92,101,0.6894867470124777,0.6711179402922782,0.5890016945868963
K60 (fissure and fistula of anal and rectal regions),K60,False,,False,0.3565926334746994,0.14340736652530062,0.6340508806262231,112.75993016150152,K61 (abscess of anal and rectal regions),79,9,0.9041095890410958,112.75993016150152,K61 (abscess of anal and rectal regions),79,9,0.9833795013850416,174,150,0.6877277251689614,0.6441258351246151,0.6128954859699065
L25 (unspecified contact dermatitis),L25,False,,False,0.4567071997629379,0.04329280023706211,0.21135029354207435,30.087700908455624,H16 (keratitis),54,1,0.4794520547945205,,,0,0,,106,114,0.6875413080521431,0.5999123448992822,0.5314494008332635
B07 (viral warts),B07,False,,False,0.3964307163130219,0.1035692836869781,0.48532289628180036,11.047307482600466,N02 (recurrent and persistent haematuria),57,2,0.15655577299412915,3.6781339165200153,H60 (otitis externa),856,10,0.10526315789473684,547,531,0.6868168455304728,0.6122145750753363,0.6052184132103873
I21 (acute myocardial infarction),I21,False,,True,0.5111929443294709,0.011192944329470933,0.050880626223091974,22.185932669185846,I24 (other acute ischaemic heart diseases),123,9,0.34833659491193736,22.185932669185846,I24 (other acute ischaemic heart diseases),123,9,0.817174515235457,568,523,0.6863795165010962,0.6317385780174938,0.6100417102907993
H54 (blindness and low vision),H54,False,,False,0.6669113879525481,0.16691138795254812,0.7064579256360078,21.261975308641976,K01 (embedded and impacted teeth),54,1,0.33659491193737767,2.559399613612721,H26 (other cataract),2243,5,0.030470914127423823,150,138,0.6849422342424076,0.6552853272971977,0.5542700338901201
G40 (epilepsy),G40,False,,False,0.4231340925480743,0.07686590745192567,0.36007827788649704,22.740080544002115,M86 (osteomyelitis),81,2,0.36203522504892366,6.04692692741592,Male,3503,23,0.32409972299168976,187,166,0.6848451593655145,0.6641112307043342,0.6476275146019078
H61 (other disorders of external ear),H61,False,,False,0.46211671769962437,0.03788328230037563,0.1898238747553816,7.363271006726713,G95 (other diseases of spinal cord),56,3,0.05675146771037182,4.062494348538876,N41 (inflammatory diseases of prostate),203,6,0.1440443213296399,1253,1272,0.6844597306713225,0.6184826392137599,0.6089398374720194
N32 (other disorders of bladder),N32,False,,False,0.5858673689121563,0.0858673689121563,0.38747553816046965,16.485532217481673,"N31 (neuromuscular dysfunction of bladder, not elsewhere classified)",176,14,0.2583170254403131,16.485532217481673,"N31 (neuromuscular dysfunction of bladder, not elsewhere classified)",176,14,0.7506925207756233,831,769,0.6843364120476821,0.6143273108863293,0.6395216557515838
H01 (other inflammation of eyelid),H01,False,,False,0.5912578900057059,0.09125789000570594,0.41682974559686886,24.0701607267645,H16 (keratitis),54,2,0.3835616438356164,6.719734678520665,H10 (conjunctivitis),677,7,0.37950138504155123,265,292,0.6842633334405936,0.5936860619616342,0.5974299218390834
I82 (other venous embolism and thrombosis),I82,False,,False,0.6022760815718888,0.10227608157188883,0.4755381604696673,99.66550925925925,"N12 (tubulo-interstitial nephritis, not specified as acute or chronic)",54,1,0.8786692759295499,,,0,0,,32,38,0.6837839539106241,0.555898937174685,0.6568300628430379
K63 (other diseases of intestine),K63,False,,False,0.5970856538111746,0.09708565381117462,0.45401174168297453,8.713648753770942,C18 Malignant neoplasm of colon,131,8,0.09393346379647749,8.713648753770942,C18 Malignant neoplasm of colon,131,8,0.4930747922437673,1207,1148,0.683742093842673,0.6177183300483821,0.6182942501706814
B95 (streptococcus and staphylococcus as the cause of diseases classified to other chapters),B95,False,,False,0.6328521834741694,0.13285218347416938,0.589041095890411,32.61780303030303,F00 (dementia in alzheimer's disease),66,2,0.512720156555773,,,0,0,,160,147,0.6832562749789546,0.5907637825220657,0.5549537888970603
I12 (hypertensive renal disease),I12,False,,False,0.522321730926216,0.022321730926216032,0.11937377690802348,83.9288499025341,N02 (recurrent and persistent haematuria),57,1,0.8336594911937377,,,0,0,,36,21,0.6831108969632936,0.6037355432945793,0.5584826724099563
H65 (nonsuppurative otitis media),H65,False,,False,0.35805248750157076,0.14194751249842924,0.62426614481409,17.612312726900857,H69 (other disorders of eustachian tube),123,2,0.2837573385518591,7.8947320167959365,H35 (other retinal disorders),686,5,0.4515235457063712,159,159,0.6830409709945531,0.653233342245449,0.5951222372121645
K85 (acute pancreatitis),K85,False,,False,0.5160574942277798,0.0160574942277798,0.07240704500978473,41.486781090033126,K86 (other diseases of pancreas),123,4,0.6164383561643836,16.182475922010806,K80 (cholelithiasis),946,12,0.7368421052631579,135,121,0.6828052570468803,0.494323213323989,0.6298233868854367
M72 (fibroblastic disorders),M72,False,,False,0.43987389965589063,0.06012610034410937,0.29158512720156554,4.956314032462299,L70 (acne),102,3,0.019569471624266144,3.893078348930783,"M76 (enthesopathies of lower limb, excluding foot)",303,7,0.12188365650969529,1022,1058,0.6823706155236531,0.6445904756157446,0.5825325345648942
M84 (disorders of continuity of bone),M84,False,,False,0.5916828496418499,0.09168284964184992,0.4207436399217221,18.925494505494505,J69 (pneumonitis due to solids and liquids),52,1,0.30528375733855184,11.043804773779836,M81 (osteoporosis without pathological fracture),802,9,0.6011080332409973,175,192,0.6820463040711728,0.643688445979189,0.5643431400891792
K61 (abscess of anal and rectal regions),K61,False,,False,0.38205958093704245,0.11794041906295755,0.5342465753424658,39.141363636363636,K50 (crohn's disease [regional enteritis]),55,1,0.5870841487279843,4.301862689123608,Male,3503,7,0.16897506925207756,80,81,0.6818766028594966,0.683797865504302,0.5475614310431391
F42 (obsessive-compulsive disorder),F42,False,,False,0.24173995704168116,0.25826004295831884,0.8806262230919765,72.5756426464391,K11 (diseases of salivary glands),113,1,0.8062622309197651,,,0,0,,21,20,0.6816858237547893,0.6124406420527111,0.5185712005108557
L74 (eccrine sweat disorders),L74,False,,False,0.40341615586494467,0.09658384413505533,0.4461839530332681,34.34822497008377,L73 (other follicular disorders),109,1,0.5342465753424658,,,0,0,,46,52,0.681427939439848,0.5921751644957222,0.6151361745878897
G57 (mononeuropathies of lower limb),G57,False,,False,0.42376822785651413,0.07623177214348587,0.35812133072407043,17.573673469387757,K05 (gingivitis and periodontal diseases),50,1,0.28180039138943247,5.668926925608953,L57 (skin changes due to chronic exposure to nonionising radiation),1085,7,0.29362880886426596,196,178,0.68079094459139,0.6390670759788519,0.5549488453345996
D69 (purpura and other haemorrhagic conditions),D69,False,,False,0.6427812054184818,0.14278120541848183,0.6301369863013698,26.365890998162893,F01 (vascular dementia),71,2,0.41487279843444225,9.454435660957401,"E87 (other disorders of fluid, electrolyte and acid-base balance)",594,6,0.5373961218836565,184,182,0.6807284381413656,0.6262383852594082,0.5999403738656954
M31 (other necrotising vasculopathies),M31,False,,False,0.6891032653543016,0.18910326535430155,0.7651663405088063,31.502103530272546,F01 (vascular dementia),71,1,0.49902152641878667,2.7888395893383424,I10 (essential (primary) hypertension),4010,5,0.036011080332409975,77,86,0.6804308201863176,0.6701753849295454,0.5694331110043269
C15 Malignant neoplasm of oesophagus,C15,True,underperforms_age_sex,False,0.6348923537151643,0.13489235371516428,0.6027397260273972,151.87125220458552,K01 (embedded and impacted teeth),54,1,0.9686888454011742,,,0,0,,21,23,0.6795427762006769,0.7107204073993585,0.6335345493626686
L20 (atopic dermatitis),L20,False,,False,0.3728932671367349,0.12710673286326513,0.5655577299412916,8.79221972636308,"F52 (sexual dysfunction, not caused by organic disorder or disease)",83,2,0.10176125244618395,6.6100927290591995,K13 (other diseases of lip and oral mucosa),276,5,0.3684210526315789,472,426,0.6791645419512392,0.6004797868329219,0.5900065720705931
B86 (scabies),B86,False,,False,0.27257164544133095,0.22742835455866905,0.8395303326810176,59.38689655172414,N75 (diseases of bartholin's gland),50,1,0.7475538160469667,,,0,0,,58,76,0.6791314829779613,0.6615650700087656,0.5512346357258039
H18 (other disorders of cornea),H18,False,,False,0.6596579882460077,0.15965798824600774,0.684931506849315,28.57507881201261,I78 (diseases of capillaries),82,2,0.4481409001956947,16.54771513125024,H52 (disorders of refraction and accommodation),354,5,0.7562326869806094,147,176,0.6791126625866812,0.6607040490580749,0.5998572678570674
G20 (parkinson's disease),G20,False,,False,0.6679604138441824,0.16796041384418237,0.7162426614481409,22.950692963752665,G95 (other diseases of spinal cord),56,1,0.3698630136986301,1.9230505824989765,I10 (essential (primary) hypertension),4010,6,0.002770083102493075,134,142,0.6787378583740298,0.6586694118164937,0.5989132695533014
L80 (vitiligo),L80,False,,False,0.30577705980405057,0.19422294019594943,0.7808219178082192,83.4004842615012,B06 (rubella [german measles]),59,1,0.8317025440313112,,,0,0,,35,36,0.6777535711613241,0.619070024048572,0.6193252337123822
N18 (chronic renal failure),N18,False,,False,0.6208575483623816,0.1208575483623816,0.5459882583170255,9.69868645201256,H34 (retinal vascular occlusions),139,8,0.12720156555772993,9.69868645201256,H34 (retinal vascular occlusions),139,8,0.5401662049861495,1022,988,0.677731551473389,0.6268330413789707,0.5847656110771757
M17 (gonarthrosis [arthrosis of knee]),M17,False,,False,0.5486714024888294,0.048671402488829396,0.23483365949119372,7.419630932720614,M18 (arthrosis of first carpometacarpal joint),95,6,0.060665362035225046,7.419630932720614,M18 (arthrosis of first carpometacarpal joint),95,6,0.407202216066482,1466,1388,0.6761470716021262,0.567898664751508,0.5943299140141496
L42 (pityriasis rosea),L42,False,,False,0.33880129794284963,0.16119870205715037,0.6908023483365949,57.987205387205385,J10 (influenza due to identified influenza virus),66,1,0.7338551859099804,,,0,0,,45,39,0.6757445850693102,0.6198703545821829,0.5647767833948825
L82 (seborrhoeic keratosis),L82,False,,False,0.4742635820629424,0.02573641793705761,0.1350293542074364,8.764478371501273,D03 Melanoma in situ,50,3,0.09980430528375733,4.9718597345524955,"L98 (other disorders of skin and subcutaneous tissue, not elsewhere classified)",2086,71,0.21606648199445982,1179,1195,0.6753556570952582,0.6085733815790262,0.5921324238373766
L30 (other dermatitis),L30,False,,False,0.3738918907373707,0.12610810926262928,0.5636007827788649,9.069471067764834,B86 (scabies),58,5,0.10763209393346379,9.069471067764834,B86 (scabies),58,5,0.5152354570637119,1637,1661,0.6746902244343796,0.6218405762473566,0.6374895734590851
F32 (depressive episode),F32,False,,False,0.3772048186325779,0.12279518136742212,0.5538160469667319,8.551580996265988,F33 (recurrent depressive disorder),82,5,0.08806262230919765,8.551580996265988,F33 (recurrent depressive disorder),82,5,0.481994459833795,1228,1290,0.6742471793309459,0.6561525063118518,0.6065311698267861
M20 (acquired deformities of fingers and toes),M20,False,,False,0.43719982155225245,0.06280017844774755,0.30528375733855184,13.768947873361048,N36 (other disorders of urethra),53,3,0.20939334637964774,7.484658843980878,G57 (mononeuropathies of lower limb),195,6,0.4155124653739612,708,673,0.6741419895354905,0.6631363797811944,0.5530266679080855
H21 (other disorders of iris and ciliary body),H21,False,,False,0.7425141950372703,0.24251419503727034,0.8610567514677103,56.810819726208145,H18 (other disorders of cornea),141,2,0.7221135029354208,,,0,0,,43,41,0.6735981865244253,0.6985533714567633,0.5654972620999266
L08 (other local infections of skin and subcutaneous tissue),L08,False,,False,0.4782095908918977,0.021790409108102315,0.11545988258317025,11.52526266479288,M05 (seropositive rheumatoid arthritis),51,2,0.17416829745596868,4.375595999288612,"L02 (cutaneous abscess, furuncle and carbuncle)",403,6,0.1745152354570637,586,596,0.6731759527297615,0.5594466349445814,0.5957606590397311
F33 (recurrent depressive disorder),F33,False,,False,0.3511573951167496,0.1488426048832504,0.6594911937377691,28.38200395517469,N62 (hypertrophy of breast),74,1,0.4461839530332681,14.202997752716325,F32 (depressive episode),1183,8,0.6952908587257618,82,84,0.6730379708504926,0.6326540686194801,0.5726622500495006
Q76 (congenital malformations of spine and bony thorax),Q76,False,,False,0.30501625449901315,0.19498374550098685,0.7827788649706457,128.14136904761904,"A15 (respiratory tuberculosis, bacteriologically and histologically confirmed)",56,1,0.9334637964774951,,,0,0,,24,20,0.6715195053988158,0.6766388018112155,0.5294083072100314
"M76 (enthesopathies of lower limb, excluding foot)",M76,False,,False,0.4283165315079168,0.07168346849208318,0.3385518590998043,16.944313262495083,H47 (other disorders of optic [2nd] nerve and visual pathways),66,2,0.2700587084148728,3.898542194856936,M72 (fibroblastic disorders),1004,7,0.12465373961218837,308,306,0.6713164518485124,0.6106635780404865,0.581788564178002
K25 (gastric ulcer),K25,False,,False,0.4672394569819732,0.03276054301802678,0.15851272015655576,16.065485074626864,K26 (duodenal ulcer),201,6,0.24853228962818003,16.065485074626864,K26 (duodenal ulcer),201,6,0.7285318559556787,320,308,0.6710420863589693,0.540563600885194,0.6010269038058444
M86 (osteomyelitis),M86,False,,False,0.41016994887615166,0.08983005112384834,0.410958904109589,36.03724628583386,H68 (eustachian salpingitis and obstruction),59,1,0.5557729941291585,6.0696475331550035,Male,3503,10,0.3296398891966759,81,66,0.6704966442386164,0.627864476931626,0.6559910396895196
"F52 (sexual dysfunction, not caused by organic disorder or disease)",F52,False,,False,0.3534697855794019,0.1465302144205981,0.649706457925636,25.304437261240082,I78 (diseases of capillaries),82,1,0.410958904109589,,,0,0,,83,52,0.6703468099531747,0.668363582442594,0.495611418941975
K41 (femoral hernia),K41,False,,False,0.5190067431010256,0.01900674310102557,0.10763209393346379,30.643393473541867,K40 (inguinal hernia),986,10,0.487279843444227,30.643393473541867,K40 (inguinal hernia),986,10,0.8808864265927978,57,58,0.6686397949078555,0.5999981379286319,0.6187842856393452
D50 (iron deficiency anaemia),D50,False,,False,0.5970553396511453,0.09705533965114532,0.4520547945205479,11.23675511091779,K50 (crohn's disease [regional enteritis]),55,3,0.1643835616438356,10.603310582606248,D64 (other anaemias),952,49,0.5817174515235457,836,820,0.6670720611790277,0.6213167794237723,0.5903044299601984
M11 (other crystal arthropathies),M11,False,,False,0.6464978630630195,0.14649786306301948,0.6477495107632094,53.07303543913713,D68 (other coagulation defects),55,1,0.7045009784735812,,,0,0,,59,59,0.6665292791416311,0.6336212763281392,0.5930701574907842
L85 (other epidermal thickening),L85,False,,False,0.5825312300015218,0.08253123000152185,0.37573385518590996,27.63954421441181,H50 (other strabismus),62,2,0.4383561643835616,7.860787804098773,C44 Other malignant neoplasms of skin,872,8,0.44321329639889195,201,166,0.6656693532207779,0.6143518494536614,0.5698636487920377
K22 (other diseases of oesophagus),K22,False,,False,0.5843883783305609,0.0843883783305609,0.3796477495107632,5.718229334018807,K44 (diaphragmatic hernia),1482,31,0.033268101761252444,5.718229334018807,K44 (diaphragmatic hernia),1482,31,0.30193905817174516,630,628,0.6653561425419909,0.5858820916886944,0.637075164371226
N19 (unspecified renal failure),N19,False,,False,0.5651955565959579,0.06519555659595788,0.31898238747553814,29.091554054054054,K65 (peritonitis),74,1,0.45792563600782776,13.399014522821576,N18 (chronic renal failure),964,6,0.6759002770083102,80,67,0.6650845694298566,0.5733130639763964,0.6003261233853843
J04 (acute laryngitis and tracheitis),J04,False,,False,0.4622918917872151,0.03770810821278492,0.18786692759295498,31.18457267020763,L73 (other follicular disorders),109,3,0.4892367906066536,4.275620655412115,B35 (dermatophytosis),1325,5,0.1634349030470914,152,150,0.6650596642072851,0.6074217161447744,0.5640702569763164
M54 (dorsalgia),M54,False,,False,0.44151869592200343,0.058481304077996565,0.28180039138943247,5.52744755693635,G54 (nerve root and plexus disorders),58,5,0.025440313111545987,5.52744755693635,G54 (nerve root and plexus disorders),58,5,0.28254847645429365,2686,2555,0.664866733022424,0.5585196532090158,0.5598877359744193
H57 (other disorders of eye and adnexa),H57,False,,False,0.48172885692556444,0.01827114307443556,0.09393346379647749,17.95662600354499,H44 (disorders of globe),69,2,0.2876712328767123,7.92541915295056,H43 (disorders of vitreous body),469,6,0.4598337950138504,278,287,0.6646698671453508,0.5764206411366187,0.5732396713900783
M05 (seropositive rheumatoid arthritis),M05,False,,False,0.6628976224266436,0.16289762242664363,0.6947162426614482,49.99187227866474,M66 (spontaneous rupture of synovium and tendon),65,1,0.684931506849315,,,0,0,,53,49,0.6640904319412502,0.6511369578516939,0.5082851471783446
K01 (embedded and impacted teeth),K01,False,,False,0.3406019251698109,0.15939807483018908,0.6829745596868885,43.098598598598606,O04 (medical abortion),74,1,0.6320939334637965,,,0,0,,54,61,0.6640862059069091,0.5868865119221534,0.6127757271312669
K44 (diaphragmatic hernia),K44,False,,False,0.5716931886424889,0.07169318864248886,0.3405088062622309,7.191798555142606,K25 (gastric ulcer),308,20,0.0547945205479452,7.191798555142606,K25 (gastric ulcer),308,20,0.3961218836565097,1555,1600,0.6630610663961799,0.5824082786501055,0.5967804956644012
K59 (other functional intestinal disorders),K59,False,,False,0.6370426322475293,0.13704263224752933,0.6086105675146771,8.724771306160259,F03 (unspecified dementia),136,7,0.0958904109589041,8.724771306160259,F03 (unspecified dementia),136,7,0.49584487534626037,1016,982,0.662920921458939,0.6258632661429055,0.5987030046541253
H43 (disorders of vitreous body),H43,False,,False,0.5031755326608723,0.0031755326608723378,0.023483365949119372,8.710662876680457,H33 (retinal detachments and breaks),209,5,0.09197651663405088,8.710662876680457,H33 (retinal detachments and breaks),209,5,0.4903047091412742,473,477,0.6617799388019756,0.6295550394605708,0.5969222086078283
L21 (seborrhoeic dermatitis),L21,False,,False,0.4124646848024025,0.0875353151975975,0.40117416829745595,16.68009685230024,L65 (other nonscarring hair loss),118,4,0.2622309197651663,6.3084981684981685,L20 (atopic dermatitis),468,6,0.3462603878116344,350,353,0.6616674518836483,0.5817194450948786,0.5645726822163522
A09 (diarrhoea and gastro-enteritis of presumed infectious origin),A09,False,,False,0.6340498635308631,0.13404986353086312,0.5968688845401174,9.537334096321045,F01 (vascular dementia),71,3,0.1232876712328767,3.9599457358993813,B96 (other bacterial agents as the cause of diseases classified to other chapters),285,5,0.13019390581717452,763,757,0.6610898726692904,0.6205552608105035,0.5794179052254921
K20 (oesophagitis),K20,False,,False,0.5199012790456079,0.0199012790456079,0.11154598825831702,16.140768509840676,K50 (crohn's disease [regional enteritis]),55,2,0.25048923679060664,9.074026589859322,K22 (other diseases of oesophagus),587,12,0.518005540166205,388,402,0.6609978809451735,0.5270873245798144,0.6304180872479317
M75 (shoulder lesions),M75,False,,False,0.44251581768363346,0.05748418231636654,0.273972602739726,10.312282942796694,N43 (hydrocele and spermatocele),82,6,0.14090019569471623,10.312282942796694,N43 (hydrocele and spermatocele),82,6,0.5678670360110804,1222,1218,0.6605905225040695,0.6118955655156787,0.6040666431566243
L84 (corns and callosities),L84,False,,False,0.48772152560613835,0.01227847439386165,0.0547945205479452,19.53516333938294,G54 (nerve root and plexus disorders),58,1,0.31898238747553814,8.174887977519557,M20 (acquired deformities of fingers and toes),693,5,0.46814404432132967,152,158,0.660206813124456,0.56145696039268,0.5603346147323527
N20 (calculus of kidney and ureter),N20,False,,False,0.5189648735499809,0.018964873549980887,0.10567514677103718,45.941458919390826,N23 (unspecified renal colic),169,11,0.6516634050880626,45.941458919390826,N23 (unspecified renal colic),169,11,0.9445983379501385,244,262,0.6600546041737687,0.6079425803921283,0.636650720202457
L40 (psoriasis),L40,False,,False,0.363012369843897,0.136987630156103,0.6066536203522505,7.927364787111622,D68 (other coagulation defects),55,1,0.07436399217221135,5.849910926258505,Male,3503,47,0.3157894736842105,395,411,0.6600300766615392,0.6182804183784009,0.6096995180749261
J20 (acute bronchitis),J20,False,,False,0.483792248377953,0.016207751622047017,0.07827788649706457,13.727243743025666,G99 (other disorders of nervous system in diseases classified elsewhere),51,1,0.20743639921722112,5.170527554610849,H10 (conjunctivitis),677,5,0.23268698060941828,246,242,0.6599369527143676,0.5404963145274746,0.5675643181465099
L63 (alopecia areata),L63,False,,False,0.33757093483422523,0.16242906516577477,0.6927592954990215,62.90065741417093,O04 (medical abortion),74,1,0.761252446183953,,,0,0,,37,23,0.659433414834407,0.5539815255819729,0.5514100392462123
N30 (cystitis),N30,False,,False,0.4994783742044102,0.0005216257955897863,0.003913894324853229,9.945543267981405,B06 (rubella [german measles]),59,2,0.12915851272015655,7.2983464279963055,N32 (other disorders of bladder),804,20,0.40166204986149584,587,651,0.6593103435992608,0.6095447241392387,0.6056182888108804
H35 (other retinal disorders),H35,False,,False,0.6104698584143774,0.1104698584143774,0.5107632093933464,13.61546367301763,H34 (retinal vascular occlusions),139,8,0.2054794520547945,13.61546367301763,H34 (retinal vascular occlusions),139,8,0.6842105263157895,728,705,0.6591917105085034,0.6020740263082022,0.5956523448277999
K42 (umbilical hernia),K42,False,,False,0.46263218028766573,0.03736781971233427,0.18395303326810175,24.641865789097153,K46 (unspecified abdominal hernia),87,3,0.40117416829745595,6.522846826525717,K40 (inguinal hernia),986,9,0.3628808864265928,241,239,0.6590044131496435,0.6368881758481285,0.5823874473436673
E27 (other disorders of adrenal gland),E27,False,,False,0.5998666329172344,0.09986663291723441,0.4637964774951076,54.91772959183674,"A15 (respiratory tuberculosis, bacteriologically and histologically confirmed)",56,1,0.7142857142857143,,,0,0,,56,47,0.6581677270189776,0.5878647690393679,0.5097991945843773
B98 (other specified infectious agents as the cause of diseases classified to other chapters),B98,False,,False,0.5397420963910701,0.03974209639107007,0.19569471624266144,27.733011272141702,"N12 (tubulo-interstitial nephritis, not specified as acute or chronic)",54,1,0.44227005870841485,5.771031247382089,K29 (gastritis and duodenitis),1557,6,0.31024930747922436,115,96,0.6576352973659961,0.4794340042241632,0.6056048991679444
G58 (other mononeuropathies),G58,False,,False,0.5928830188679245,0.0928830188679245,0.4227005870841487,48.00613240418118,M62 (other disorders of muscle),175,2,0.6614481409001957,,,0,0,,41,30,0.6571413642960813,0.5727608127721335,0.5713915820029027
F39 (unspecified mood [affective] disorder),F39,False,,False,0.39064879196924107,0.10935120803075893,0.49902152641878667,85.42757936507935,F45 (somatoform disorders),96,1,0.8356164383561644,,,0,0,,21,28,0.6569793093839259,0.6064683885072037,0.5459994658987994
E73 (lactose intolerance),E73,False,,False,0.48692154864256176,0.013078451357438237,0.05870841487279843,173.96161616161615,K50 (crohn's disease [regional enteritis]),55,1,0.9823874755381604,,,0,0,,18,21,0.6567231679649608,0.5880028661160561,0.6165616061528612
"M99 (biomechanical lesions, not elsewhere classified)",M99,False,,False,0.6132533119310793,0.11325331193107935,0.5185909980430529,116.68157181571816,D75 (other diseases of blood and blood-forming organs),82,1,0.9119373776908023,,,0,0,,18,24,0.656609687519351,0.5763680462025512,0.5450466892299833
F45 (somatoform disorders),F45,False,,False,0.4155113277146939,0.0844886722853061,0.3816046966731898,35.879583333333336,K05 (gingivitis and periodontal diseases),50,1,0.5499021526418787,3.9932758300871827,"M79 (other soft tissue disorders, not elsewhere classified)",3594,8,0.13573407202216067,96,98,0.656039178050563,0.5913321369248817,0.5068269301657312
"I38 (endocarditis, valve unspecified)",I38,False,,False,0.6644472229317605,0.1644472229317605,0.6986301369863014,73.28595744680851,E21 (hyperparathyroidism and other disorders of parathyroid gland),94,1,0.8082191780821918,,,0,0,,25,24,0.6558652770682395,0.6105756112994613,0.5975250257368877
H04 (disorders of lachrymal system),H04,False,,False,0.5221158207211891,0.022115820721189117,0.11741682974559686,10.076765549119418,H16 (keratitis),54,2,0.13307240704500978,9.857705428486389,H57 (other disorders of eye and adnexa),276,10,0.5512465373961218,633,654,0.6558415673138351,0.6145061673289951,0.5810644427711761
"M70 (soft tissue disorders related to use, overuse and pressure)",M70,False,,False,0.47233971735988134,0.02766028264011866,0.14090019569471623,5.570643032733859,K82 (other diseases of gallbladder),131,3,0.0273972602739726,3.692621061546543,H92 (otalgia and effusion of ear),527,8,0.10803324099722991,708,775,0.6556560619412017,0.5861321526410872,0.6041231262889918
I89 (other non-infective disorders of lymphatic vessels and lymph nodes),I89,False,,False,0.6583521090381673,0.15835210903816732,0.6810176125244618,46.483670715249666,K10 (other diseases of jaws),65,2,0.6555772994129159,8.174887977519557,K59 (other functional intestinal disorders),924,5,0.46814404432132967,114,95,0.6549151998386069,0.6839007310068882,0.5746829221324066
A49 (bacterial infection of unspecified site),A49,False,,False,0.5966933000620284,0.09669330006202836,0.4481409001956947,48.94060812730889,M05 (seropositive rheumatoid arthritis),51,1,0.6673189823874756,,,0,0,,69,67,0.654713561503279,0.5841085289121741,0.5674475404503847
"H93 (other disorders of ear, not elsewhere classified)",H93,False,,False,0.4095405598315669,0.0904594401684331,0.41291585127201563,5.596711295983361,H65 (nonsuppurative otitis media),157,3,0.029354207436399216,4.035014167741651,H61 (other disorders of external ear),1234,17,0.13850415512465375,588,523,0.6544770814376231,0.6065554774453406,0.562331324488616
K29 (gastritis and duodenitis),K29,False,,False,0.5544558424294823,0.054455842429482315,0.2563600782778865,9.262198231216637,K25 (gastric ulcer),308,27,0.11741682974559686,9.262198231216637,K25 (gastric ulcer),308,27,0.5235457063711911,1630,1606,0.6536205456088529,0.5382460726982792,0.6189049430730359
I47 (paroxysmal tachycardia),I47,False,,False,0.5868081460272697,0.08680814602726972,0.3913894324853229,16.445951107715814,G30 (alzheimer's disease),132,3,0.2563600782778865,11.385658459187871,I51 (complications and ill-defined descriptions of heart disease),572,9,0.6177285318559557,238,238,0.6534682902816675,0.5638699080613401,0.5846287998465101
K76 (other diseases of liver),K76,False,,False,0.6145461898415728,0.11454618984157283,0.5225048923679061,14.564228329809724,K74 (fibrosis and cirrhosis of liver),50,2,0.2191780821917808,4.258546295266001,K31 (other diseases of stomach and duodenum),513,6,0.15789473684210525,473,448,0.6522608591323419,0.609592210186195,0.569604900893647
L91 (hypertrophic disorders of skin),L91,False,,False,0.4619397998142218,0.038060200185778215,0.1917808219178082,24.428652482269506,N75 (diseases of bartholin's gland),50,1,0.3913894324853229,4.684305365727614,"L98 (other disorders of skin and subcutaneous tissue, not elsewhere classified)",2086,8,0.19113573407202217,141,148,0.6515474885395933,0.5639318638869856,0.553876177521839
K74 (fibrosis and cirrhosis of liver),K74,False,,False,0.6118916554950351,0.1118916554950351,0.5166340508806262,190.40574903261472,K75 (other inflammatory liver diseases),67,4,0.9902152641878669,,,0,0,,54,53,0.6510687792361791,0.5414208168223793,0.5715608875561444
E88 (other metabolic disorders),E88,False,,False,0.6156550121421764,0.11565501214217644,0.5244618395303327,85.68258706467662,K75 (other inflammatory liver diseases),67,1,0.837573385518591,,,0,0,,30,26,0.6503813465088675,0.5772298689502354,0.5712309014148158
C20 Malignant neoplasm of rectum,C20,False,,False,0.46518000277398774,0.034819997226012256,0.16829745596868884,62.94663742690059,J93 (pneumothorax),57,1,0.7632093933463796,16.077483196415237,K62 (other diseases of anus and rectum),1339,6,0.7313019390581718,48,45,0.65019066327337,0.5890144924731391,0.5898957819258571
H83 (other diseases of inner ear),H83,False,,False,0.44511727509749854,0.054882724902501456,0.2583170254403131,6.767072691552063,K05 (gingivitis and periodontal diseases),50,1,0.04500978473581213,5.356521919434352,"F43 (reaction to severe stress, and adjustment disorders)",379,6,0.24930747922437674,509,474,0.6497907855150724,0.6075782364870277,0.58080775018983
M46 (other inflammatory spondylopathies),M46,False,,False,0.6179272279344606,0.11792722793446064,0.5322896281800391,41.49927710843374,L53 (other erythematous conditions),50,2,0.6183953033268101,11.548963944833137,M48 (other spondylopathies),539,6,0.628808864265928,166,179,0.6497799184375266,0.5997320204236313,0.5755346047122714
M24 (other specific joint derangements),M24,False,,False,0.4419738616013997,0.058026138398600324,0.2759295499021526,22.95681151692882,H50 (other strabismus),62,1,0.37181996086105673,6.048111816074732,M17 (gonarthrosis [arthrosis of knee]),1412,6,0.3268698060941828,121,122,0.6489266960068515,0.545965043738891,0.5916736274855408
K92 (other diseases of digestive system),K92,False,,False,0.6091383350336942,0.10913833503369419,0.49706457925636005,7.4179265193608135,F01 (vascular dementia),71,2,0.05870841487279843,3.454850616524461,I84 (haemorrhoids),686,9,0.08310249307479224,654,637,0.6484160229579501,0.6027207945416919,0.5920538760898444
M13 (other arthritis),M13,False,,False,0.595391334863574,0.09539133486357398,0.4344422700587084,4.724883401920439,D03 Melanoma in situ,50,2,0.01761252446183953,3.8351326314289276,K25 (gastric ulcer),308,10,0.11911357340720222,1458,1557,0.6481161115416538,0.6024459254028066,0.583869534709331
B00 (herpesviral [herpes simplex] infections),B00,False,,False,0.36617416647845713,0.13382583352154287,0.5949119373776908,16.510593423449336,E07 (other disorders of thyroid),61,1,0.2602739726027397,2.4140608792675207,"L98 (other disorders of skin and subcutaneous tissue, not elsewhere classified)",2086,5,0.0221606648199446,171,146,0.6478153926273749,0.6228101840378896,0.5775579068616661
M51 (other intervertebral disk disorders),M51,False,,False,0.4380612257554191,0.061938774244580885,0.299412915851272,10.162463581043703,G55 (nerve root and plexus compressions in diseases classified elsewhere),187,8,0.1350293542074364,10.162463581043703,G55 (nerve root and plexus compressions in diseases classified elsewhere),187,8,0.5623268698060941,725,711,0.6475069274388454,0.5968329743031304,0.6177931356612465
J98 (other respiratory disorders),J98,False,,False,0.6016200327531251,0.10162003275312514,0.46966731898238745,11.280809271745493,"J90 (pleural effusion, not elsewhere classified)",327,16,0.16634050880626222,11.280809271745493,"J90 (pleural effusion, not elsewhere classified)",327,16,0.6094182825484764,747,738,0.6457911387475676,0.5869267472448775,0.5777799594868784
A07 (other protozoal intestinal diseases),A07,False,,False,0.30029296468295225,0.19970703531704775,0.7886497064579256,73.5991452991453,L43 (lichen planus),117,1,0.8101761252446184,,,0,0,,20,23,0.6447285161125527,0.6025739851299032,0.5075743750932316
"N28 (other disorders of kidney and ureter, not elsewhere classified)",N28,False,,False,0.6066853703919061,0.10668537039190606,0.4911937377690802,21.476742736001995,"N12 (tubulo-interstitial nephritis, not specified as acute or chronic)",54,2,0.3424657534246575,3.5487885793883347,"J18 (pneumonia, organism unspecified)",817,5,0.09141274238227147,297,300,0.6440657150056208,0.6106023762452999,0.5826844303601195
B37 (candidiasis),B37,False,,False,0.5962993804937842,0.09629938049378417,0.44031311154598823,17.352342569269524,L53 (other erythematous conditions),50,2,0.27984344422700586,9.430620961559523,A41 (other septicaemia),276,6,0.5346260387811634,397,359,0.6440015389590985,0.586978911201992,0.5776856050632442
M43 (other deforming dorsopathies),M43,False,,False,0.5896350045800851,0.08963500458008511,0.4090019569471624,19.87453284924235,M48 (other spondylopathies),539,13,0.32289628180039137,19.87453284924235,M48 (other spondylopathies),539,13,0.7977839335180056,209,210,0.6439801077634517,0.5883665008980288,0.5420322432454123
H44 (disorders of globe),H44,False,,False,0.5491012584621229,0.049101258462122876,0.24070450097847357,29.94644409667884,D06 Carcinoma in situ of cervix uteri,81,1,0.47162426614481406,5.407182282280397,H26 (other cataract),2243,5,0.26038781163434904,71,63,0.6429545651660774,0.5228660850637775,0.553558674728478
L43 (lichen planus),L43,False,,False,0.5598297856010652,0.05982978560106522,0.2876712328767123,15.308622222222223,N90 (other noninflammatory disorders of vulva and perineum),180,2,0.2328767123287671,3.3024352828379677,"L98 (other disorders of skin and subcutaneous tissue, not elsewhere classified)",2086,5,0.06925207756232687,125,122,0.6426750284098538,0.6059693021222022,0.5507309907273513
D09 Carcinoma in situ of other and unspecified sites,D09,False,,False,0.6240734090584892,0.12407340905848918,0.5596868884540117,53.02401477832512,N41 (inflammatory diseases of prostate),203,2,0.7025440313111546,,,0,0,,32,28,0.6424032812391147,0.5783176682999327,0.4952020047040714
M12 (other specific arthropathies),M12,False,,False,0.40625840105532884,0.09374159894467116,0.4246575342465753,95.99888517279823,H44 (disorders of globe),69,1,0.8688845401174168,,,0,0,,26,26,0.6418904194253388,0.6016302178089423,0.650023534119114
L73 (other follicular disorders),L73,False,,False,0.422166035710267,0.077833964289733,0.3639921722113503,22.486225355790573,M22 (disorders of patella),69,1,0.35812133072407043,,,0,0,,111,152,0.641867534625395,0.5845743199980921,0.5461881641324449
E07 (other disorders of thyroid),E07,False,,False,0.43686869720492183,0.06313130279507817,0.30724070450097846,111.1109677419355,K05 (gingivitis and periodontal diseases),50,2,0.9021526418786693,,,0,0,,62,61,0.6410736653549869,0.5594517521961886,0.5627620150820167
K30 (dyspepsia),K30,False,,False,0.4318458341924385,0.0681541658075615,0.3287671232876712,6.866905901116427,D68 (other coagulation defects),55,1,0.046966731898238745,5.090024589776328,I49 (other cardiac arrhythmias),371,5,0.22714681440443213,456,418,0.640646587539719,0.6074727169272731,0.5642361800351778
G91 (hydrocephalus),G91,False,,False,0.5995581219786313,0.09955812197863134,0.461839530332681,90.7386722866175,N19 (unspecified renal failure),73,1,0.8532289628180039,,,0,0,,26,27,0.6400636789425374,0.5109997546674991,0.5068025477597444
L60 (nail disorders),L60,False,,False,0.4515733184402221,0.04842668155977792,0.2328767123287671,8.260047961630695,D03 Melanoma in situ,50,1,0.08023483365949119,5.1240992317808285,"L02 (cutaneous abscess, furuncle and carbuncle)",403,5,0.2299168975069252,417,379,0.6400229459556237,0.5646523642596702,0.5438177284928327
J00 (acute nasopharyngitis [common cold]),J00,False,,False,0.4619151503939524,0.03808484960604758,0.19373776908023482,12.798900118906065,B86 (scabies),58,1,0.1898238747553816,5.765718111817877,J30 (vasomotor and allergic rhinitis),1030,8,0.3074792243767313,232,233,0.639901809943091,0.537127143942676,0.5631753834308825
H33 (retinal detachments and breaks),H33,False,,False,0.4817551364429284,0.01824486355707161,0.09197651663405088,12.136856941508105,H47 (other disorders of optic [2nd] nerve and visual pathways),66,1,0.18199608610567514,8.539792730698666,H43 (disorders of vitreous body),469,5,0.4792243767313019,215,245,0.6396473190374763,0.5584630797126593,0.6172992325363313
Q66 (congenital deformities of feet),Q66,True,underperforms_age_sex,False,0.35429792726185494,0.14570207273814506,0.6457925636007827,67.93767258382643,K10 (other diseases of jaws),65,1,0.7906066536203522,,,0,0,,39,32,0.6394432917943895,0.6804259882553063,0.6134559617528216
K80 (cholelithiasis),K80,False,,False,0.48981885464028924,0.010181145359710764,0.046966731898238745,34.14393338620143,K85 (acute pancreatitis),130,25,0.5283757338551859,34.14393338620143,K85 (acute pancreatitis),130,25,0.9085872576177285,970,959,0.6391288635808751,0.5575490408552535,0.6264631664642069
"D89 (other disorders involving the immune mechanism, not elsewhere classified)",D89,False,,False,0.5558478369403679,0.05584783694036788,0.2622309197651663,125.25236363636364,D68 (other coagulation defects),55,1,0.9275929549902152,,,0,0,,25,24,0.6390786097436374,0.5639031925351414,0.5154122594665304
H20 (iridocyclitis),H20,False,,False,0.4167734440798072,0.08322655592019279,0.3776908023483366,31.9284390063033,D86 (sarcoidosis),58,1,0.5068493150684932,9.360654401174008,H25 (senile cataract),1187,6,0.5290858725761773,93,115,0.638518281880754,0.5361309360711854,0.5624639911914633
M65 (synovitis and tenosynovitis),M65,False,,False,0.45623210380665047,0.04376789619334953,0.21526418786692758,9.419531271364892,G99 (other disorders of nervous system in diseases classified elsewhere),51,2,0.11937377690802348,4.355055253078747,G56 (mononeuropathies of upper limb),717,13,0.17174515235457063,717,746,0.6381882185574728,0.5751441080893427,0.5768343950820558
J33 (nasal polyp),J33,False,,False,0.37845256984472886,0.12154743015527114,0.5518590998043053,22.474221178257054,J34 (other disorders of nose and nasal sinuses),446,11,0.3561643835616438,22.474221178257054,J34 (other disorders of nose and nasal sinuses),446,11,0.8199445983379502,189,183,0.638013220463958,0.6290882594455007,0.5763746115856443
H34 (retinal vascular occlusions),H34,False,,False,0.6099188560530366,0.10991885605303664,0.5068493150684932,19.33774983157422,E07 (other disorders of thyroid),61,1,0.3131115459882583,8.597687607332562,H35 (other retinal disorders),686,5,0.48753462603878117,146,167,0.6378567575939091,0.6029055343845087,0.5529189655410554
H11 (other disorders of conjunctiva),H11,False,,False,0.5161352453997121,0.016135245399712117,0.07632093933463796,14.259148865706242,J10 (influenza due to identified influenza virus),66,2,0.2172211350293542,8.52449116971569,H57 (other disorders of eye and adnexa),276,5,0.47645429362880887,366,380,0.6375920976087689,0.5834426839349683,0.5772848810507946
M00 (pyogenic arthritis),M00,False,,False,0.6415187634361064,0.14151876343610637,0.6223091976516634,118.28434065934066,M11 (other crystal arthropathies),56,1,0.913894324853229,,,0,0,,26,26,0.637183818886421,0.576137117726863,0.6298893583804238
J32 (chronic sinusitis),J32,False,,False,0.3722238429639041,0.1277761570360959,0.5694716242661448,13.276441566450815,J33 (nasal polyp),188,6,0.19960861056751467,13.276441566450815,J33 (nasal polyp),188,6,0.667590027700831,414,391,0.6364525765519975,0.6148878880811071,0.5935443841047781
"M53 (other dorsopathies, not elsewhere classified)",M53,False,,False,0.44558285165876227,0.05441714834123773,0.25440313111545987,38.57731650862391,H68 (eustachian salpingitis and obstruction),59,3,0.5851272015655578,3.96625136123019,K62 (other diseases of anus and rectum),1339,7,0.1329639889196676,227,224,0.6364115280780677,0.5923300278273187,0.5369409938790692
C43 Malignant melanoma of skin,C43,False,,False,0.374805723461235,0.12519427653876503,0.5616438356164384,29.951652173913043,N75 (diseases of bartholin's gland),50,1,0.4735812133072407,5.743365709283421,"L98 (other disorders of skin and subcutaneous tissue, not elsewhere classified)",2086,8,0.3047091412742382,115,113,0.6359612716013383,0.4916350768915404,0.5367275629840979
K21 (gastro-oesophageal reflux disease),K21,False,,False,0.5195520358175307,0.019552035817530733,0.1095890410958904,5.008880271449346,K74 (fibrosis and cirrhosis of liver),50,3,0.021526418786692758,4.994609957285673,"J38 (diseases of vocal cords and larynx, not elsewhere classified)",117,7,0.2188365650969529,2063,2054,0.6353206773020038,0.5410727586378066,0.5779383275576906
G25 (other extrapyramidal and movement disorders),G25,False,,False,0.5884277952077962,0.0884277952077962,0.4050880626223092,12.970151876490524,G44 (other headache syndromes),155,3,0.19569471624266144,3.3394909316545367,M75 (shoulder lesions),1204,6,0.07202216066481995,257,267,0.6352018381329989,0.5580052187066864,0.5459498412181241
"J31 (chronic rhinitis, nasopharyngitis and pharyngitis)",J31,False,,False,0.47134953280730896,0.028650467192691043,0.1506849315068493,16.383371385083713,N19 (unspecified renal failure),73,2,0.25440313111545987,6.229094328703703,J01 (acute sinusitis),672,7,0.3407202216066482,288,280,0.6348319352159468,0.5437671200166112,0.5669622612126246
L29 (pruritus),L29,False,,False,0.4896168261605124,0.010383173839487614,0.04892367906066536,7.882013729977117,K05 (gingivitis and periodontal diseases),50,1,0.07240704500978473,5.582162698284077,B37 (candidiasis),353,5,0.2880886426592798,437,476,0.6339878594798958,0.5571671262973305,0.5811331639591648
H50 (other strabismus),H50,False,,False,0.3691570982311133,0.1308429017688867,0.5792563600782779,49.7033189033189,D68 (other coagulation defects),55,1,0.6810176125244618,5.462682779839502,Male,3503,7,0.27146814404432135,63,69,0.633874782359591,0.5983320596177978,0.6012725878323011
M60 (myositis),M60,False,,False,0.6728781097126757,0.1728781097126757,0.7318982387475538,180.90546218487393,G95 (other diseases of spinal cord),56,1,0.9863013698630136,,,0,0,,17,24,0.6338054504148865,0.5288427302000124,0.5495621342652796
J34 (other disorders of nose and nasal sinuses),J34,False,,False,0.383499991459363,0.11650000854063702,0.5264187866927593,11.449788917328723,O70 (perineal laceration during delivery),67,2,0.16829745596868884,10.201274700279582,J33 (nasal polyp),188,5,0.5650969529085873,449,488,0.633390716632924,0.6141903208912951,0.5836421799446376
D86 (sarcoidosis),D86,False,,False,0.3315062558058523,0.1684937441941477,0.7181996086105675,50.35730994152047,G35 (multiple sclerosis),57,1,0.6927592954990215,6.310231748648897,Female,3639,8,0.3490304709141274,60,40,0.6333120935903391,0.6039740333255922,0.5611451317928472
"N31 (neuromuscular dysfunction of bladder, not elsewhere classified)",N31,False,,False,0.45297993768086126,0.047020062319138745,0.22896281800391388,16.87954523179457,G35 (multiple sclerosis),57,1,0.26614481409001955,5.983420884404793,N32 (other disorders of bladder),804,5,0.32132963988919666,179,177,0.6328312427280851,0.5808798771173392,0.5726822503578284
K43 (ventral hernia),K43,False,,False,0.5564417249084759,0.05644172490847588,0.26810176125244617,31.73624078624079,K65 (peritonitis),74,3,0.50293542074364,18.817963286713287,K66 (other disorders of peritoneum),208,5,0.7839335180055401,220,239,0.6321203501189351,0.5581542557761907,0.6143427813341856
M94 (other disorders of cartilage),M94,False,,False,0.3665239293488061,0.13347607065119388,0.5929549902152642,25.200760901375475,L70 (acne),102,1,0.4090019569471624,3.9497197479107227,"M25 (other joint disorders, not elsewhere classified)",3254,5,0.12742382271468145,67,73,0.6312898676974533,0.5547507296690006,0.4553657190681078
I60 (subarachnoid haemorrhage),I60,False,,True,0.5353931213081432,0.035393121308143205,0.17221135029354206,33.15787447054293,G93 (other disorders of brain),106,1,0.5205479452054794,,,0,0,,49,58,0.6311915374662775,0.6067761277645252,0.566735536610926
M07 (psoriatic and enteropathic arthropathies),M07,False,,False,0.6213917452574467,0.12139174525744667,0.5499021526418787,48.73288058856819,H36 (retinal disorders in diseases classified elsewhere),93,1,0.6653620352250489,,,0,0,,38,37,0.6309054884904122,0.5669238352917806,0.6348481427323528
H91 (other hearing loss),H91,False,,False,0.6211273790835016,0.12112737908350157,0.547945205479452,5.787029569892473,"L97 (ulcer of lower limb, not elsewhere classified)",80,2,0.03522504892367906,5.489672319265587,"I64 (stroke, not specified as haemorrhage or infarction)",253,6,0.2742382271468144,744,780,0.629551285789041,0.6226476975405546,0.5509147604096585
E22 (hyperfunction of pituitary gland),E22,False,,False,0.6141737540274593,0.11417375402745933,0.5205479452054794,137.33811802232856,G35 (multiple sclerosis),57,1,0.9452054794520548,,,0,0,,22,25,0.6291064990856579,0.5924079997677861,0.6277011407506312
M48 (other spondylopathies),M48,False,,False,0.5581628490184454,0.05816284901844537,0.27984344422700586,12.880744923525672,G55 (nerve root and plexus compressions in diseases classified elsewhere),187,8,0.19373776908023482,12.880744923525672,G55 (nerve root and plexus compressions in diseases classified elsewhere),187,8,0.6620498614958449,572,535,0.6290447884728039,0.5488888574481348,0.5735788251599919
"J40 (bronchitis, not specified as acute or chronic)",J40,False,,False,0.3533775815671111,0.14662241843288892,0.6516634050880626,18.57241453682735,J10 (influenza due to identified influenza virus),66,2,0.29354207436399216,4.54740900036086,Female,3639,27,0.18282548476454294,281,245,0.6281697661190206,0.6547254444545278,0.6462443985354192
M87 (osteonecrosis),M87,False,,False,0.5812656032280539,0.08126560322805387,0.37377690802348335,67.73726647000983,C43 Malignant melanoma of skin,113,2,0.7886497064579256,,,0,0,,45,40,0.6276503715745472,0.5269493874825825,0.6342903071295867
E04 (other non-toxic goitre),E04,False,,False,0.42847105136936287,0.07152894863063713,0.33659491193737767,24.428652482269502,E21 (hyperparathyroidism and other disorders of parathyroid gland),94,2,0.38943248532289626,7.900091743119266,C44 Other malignant neoplasms of skin,872,6,0.45429362880886426,150,158,0.6273717722151451,0.6428142336191035,0.5392724640853065
M62 (other disorders of muscle),M62,False,,False,0.5176070665006025,0.01760706650060251,0.08610567514677103,17.11097863884749,K41 (femoral hernia),55,1,0.273972602739726,2.166777801542468,M54 (dorsalgia),2606,6,0.0110803324099723,183,169,0.6254292889764721,0.540007895001296,0.5608639312478919
M06 (other rheumatoid arthritis),M06,False,,False,0.5126462384514678,0.01264623845146784,0.05675146771037182,19.342093441150045,G95 (other diseases of spinal cord),56,2,0.3150684931506849,9.846883933676386,M35 (other systemic involvement of connective tissue),275,5,0.5484764542936288,318,362,0.6252094583959114,0.5709987798371561,0.5895453482609176
Q82 (other congenital malformations of skin),Q82,False,,False,0.35201898513701807,0.14798101486298193,0.6536203522504892,49.40390131956397,"F52 (sexual dysfunction, not caused by organic disorder or disease)",83,1,0.6790606653620352,,,0,0,,42,40,0.6251585723409196,0.5661684277751974,0.4873264050162563
M67 (other disorders of synovium and tendon),M67,False,,False,0.4399849304067627,0.060015069593237325,0.2896281800391389,9.540592194554469,K61 (abscess of anal and rectal regions),79,2,0.12524461839530332,4.675600393112922,N63 (unspecified lump in breast),403,5,0.1883656509695291,457,438,0.6219494649406891,0.5795085591261251,0.5619723005081816
I49 (other cardiac arrhythmias),I49,False,,False,0.5759829590465864,0.07598295904658636,0.3561643835616438,13.415540408958131,I07 (rheumatic tricuspid valve diseases),65,2,0.20156555772994128,6.879764312286221,I50 (heart failure),507,8,0.3850415512465374,395,408,0.6218586973981549,0.5651960684490237,0.5770726821670299
L50 (urticaria),L50,False,,False,0.40553015062191144,0.09446984937808856,0.42857142857142855,9.112275132275132,H16 (keratitis),54,1,0.11154598825831702,3.0029991281604183,F17 (mental and behavioural disorders due to use of tobacco),1147,7,0.04709141274238227,350,359,0.6216386570245493,0.5944352493701397,0.5708689255295223
H81 (disorders of vestibular function),H81,False,,False,0.511895674463313,0.011895674463312966,0.05283757338551859,10.256804240366863,B86 (scabies),58,2,0.13894324853228962,7.81174787599658,H83 (other diseases of inner ear),495,13,0.4404432132963989,579,625,0.6191832128397075,0.5858072389385687,0.5497155294049111
"N99 (postprocedural disorders of genito-urinary system, not elsewhere classified)",N99,True,underperforms_age_sex,False,0.6005625257931794,0.10056252579317937,0.4657534246575342,79.7324074074074,"N12 (tubulo-interstitial nephritis, not specified as acute or chronic)",54,1,0.8277886497064579,,,0,0,,40,52,0.6187581622571868,0.6572734085943319,0.5744924884902125
H00 (hordeolum and chalazion),H00,False,,False,0.3898142549387123,0.1101857450612877,0.5088062622309197,12.712925370930833,H50 (other strabismus),62,2,0.18590998043052837,9.420733541805319,H01 (other inflammation of eyelid),251,6,0.5318559556786704,437,436,0.6183299996433719,0.6148520078697364,0.5537844263593884
B34 (viral infection of unspecified site),B34,False,,False,0.46697452441131676,0.03302547558868324,0.16046966731898238,15.779915704599595,M05 (seropositive rheumatoid arthritis),51,2,0.23679060665362034,4.877428490512602,H83 (other diseases of inner ear),495,6,0.2077562326869806,428,442,0.6179996875937923,0.559293396089835,0.5449397870213337
"L02 (cutaneous abscess, furuncle and carbuncle)",L02,False,,False,0.43670785132724105,0.06329214867275895,0.30919765166340507,9.131601272534464,H20 (iridocyclitis),92,2,0.11545988258317025,4.516706005769736,E14 (unspecified diabetes mellitus),558,6,0.1772853185595568,410,385,0.6179315521442983,0.5738109530017381,0.5501288350673149
L90 (atrophic disorders of skin),L90,False,,False,0.5488654999631518,0.048865499963151815,0.23679060665362034,63.49198156682028,D03 Melanoma in situ,50,4,0.7690802348336595,49.16414501855552,C43 Malignant melanoma of skin,113,7,0.961218836565097,217,201,0.6179303015371368,0.5962575646803898,0.5511288362029947
L53 (other erythematous conditions),L53,False,,False,0.6192125065319631,0.11921250653196314,0.5362035225048923,64.94042232277526,J69 (pneumonitis due to solids and liquids),52,1,0.776908023483366,,,0,0,,51,50,0.6177861580444755,0.6295821866109272,0.5644286129013528
L81 (other disorders of pigmentation),L81,False,,False,0.49516790260541854,0.004832097394581458,0.033268101761252444,18.82207650273224,L53 (other erythematous conditions),50,1,0.3013698630136986,5.413828332521258,"L98 (other disorders of skin and subcutaneous tissue, not elsewhere classified)",2086,12,0.2631578947368421,183,201,0.6172924769396817,0.5571294209743245,0.5334323333327262
E80 (disorders of porphyrin and bilirubin metabolism),E80,False,,False,0.47968876684775086,0.020311233152249142,0.11350293542074363,37.03698924731183,I87 (other disorders of veins),75,1,0.5636007827788649,,,0,0,,62,74,0.6159699602393236,0.5874766268306563,0.4891434237624267
D03 Melanoma in situ,D03,False,,False,0.37944729098066937,0.12055270901933063,0.5420743639921722,27.679524268723885,N80 (endometriosis),122,1,0.44031311154598823,11.331885774444006,"L98 (other disorders of skin and subcutaneous tissue, not elsewhere classified)",2086,7,0.6149584487534626,51,41,0.6151414108501247,0.628238144416175,0.4550121718276037
J47 (bronchiectasis),J47,False,,False,0.5951878298936093,0.0951878298936093,0.43052837573385516,34.184597062326326,J10 (influenza due to identified influenza virus),66,3,0.5303326810176126,5.523092793423592,"J18 (pneumonia, organism unspecified)",817,6,0.27977839335180055,229,193,0.6132431176892059,0.5959849023227226,0.5883717210035134
G45 (transient cerebral ischaemic attacks and related syndromes),G45,False,,False,0.5893524517567448,0.08935245175674478,0.4070450097847358,18.990025276086108,"I64 (stroke, not specified as haemorrhage or infarction)",253,13,0.30724070450097846,18.990025276086108,"I64 (stroke, not specified as haemorrhage or infarction)",253,13,0.7867036011080333,466,496,0.6130047458323507,0.6038190554473509,0.5890286146105461
G62 (other polyneuropathies),G62,False,,False,0.6204091392010855,0.12040913920108554,0.5401174168297456,18.883991228070172,N02 (recurrent and persistent haematuria),57,1,0.30332681017612523,4.53406697556866,H25 (senile cataract),1187,5,0.18005540166204986,160,185,0.611834145659649,0.6155008036887232,0.5157621772386873
I73 (other peripheral vascular diseases),I73,False,,False,0.5952064942117892,0.09520649421178917,0.4324853228962818,15.848893387935394,I77 (other disorders of arteries and arterioles),103,4,0.24266144814090018,4.143238626795294,I80 (phlebitis and thrombophlebitis),591,6,0.1523545706371191,422,420,0.6113460153059245,0.5924797731265206,0.5588801585454384
F41 (other anxiety disorders),F41,False,,False,0.4964424635990892,0.003557536400910777,0.029354207436399216,11.130245583800084,E27 (other disorders of adrenal gland),55,3,0.16046966731898238,10.627838665086887,F45 (somatoform disorders),96,5,0.5872576177285319,844,844,0.6108934237849694,0.5962245565725328,0.54733065931282
K12 (stomatitis and related lesions),K12,False,,False,0.5871609861078548,0.08716098610785483,0.3933463796477495,35.36022995585669,M05 (seropositive rheumatoid arthritis),51,2,0.547945205479452,16.33488883830336,A41 (other septicaemia),276,5,0.7451523545706371,191,184,0.6093655575957606,0.5480576216560624,0.5359789865767539
N39 (other disorders of urinary system),N39,False,,False,0.5177502601190478,0.01775026011904779,0.08806262230919765,7.097060439560439,K74 (fibrosis and cirrhosis of liver),50,3,0.050880626223091974,5.395426065162908,B96 (other bacterial agents as the cause of diseases classified to other chapters),285,13,0.25761772853185594,1456,1510,0.6084735946687908,0.587064879875996,0.5710068381351782
G44 (other headache syndromes),G44,False,,False,0.39673454417298826,0.10326545582701174,0.4794520547945205,18.59246464428371,H68 (eustachian salpingitis and obstruction),59,1,0.29549902152641877,2.0226590301402685,"M25 (other joint disorders, not elsewhere classified)",3254,6,0.008310249307479225,157,164,0.6080028663312151,0.6318285980130247,0.5487743234993531
K35 (acute appendicitis),K35,False,,False,0.39041915911744396,0.10958084088255604,0.5048923679060665,38.32265242545616,K37 (unspecified appendicitis),84,2,0.5772994129158513,3.2163459357933517,Male,3503,7,0.060941828254847646,107,106,0.607500617519223,0.6292379790869745,0.5898488551840163
M71 (other bursopathies),M71,False,,False,0.5448029622700574,0.04480296227005742,0.2172211350293542,15.211270093623037,M31 (other necrotising vasculopathies),74,1,0.2309197651663405,2.837392116851542,M19 (other arthrosis),2777,7,0.038781163434903045,153,188,0.6065727275514681,0.5831470153767332,0.578898746514111
I83 (varicose veins of lower extremities),I83,False,,False,0.431483784330405,0.06851621566959498,0.33072407045009783,8.399843925279226,D86 (sarcoidosis),58,2,0.0821917808219178,5.358276074162892,I80 (phlebitis and thrombophlebitis),591,13,0.2520775623268698,707,671,0.6065081107201734,0.5537882711034813,0.5737539307439774
F10 (mental and behavioural disorders due to use of alcohol),F10,False,,False,0.4656488327752976,0.034351167224702384,0.162426614481409,22.239411157024794,"G31 (other degenerative diseases of nervous system, not elsewhere classified)",64,2,0.3522504892367906,3.609439511537414,F32 (depressive episode),1183,6,0.09695290858725762,242,248,0.605586905999484,0.6165845434420303,0.5343469950826853
M89 (other disorders of bone),M89,False,,False,0.47302207209943314,0.026977927900566856,0.136986301369863,17.017143421767702,L43 (lichen planus),117,2,0.2720156555772994,8.832091547799585,M85 (other disorders of bone density and structure),789,7,0.5041551246537396,173,165,0.6054891769861412,0.6095518236133523,0.5799942427499584
L01 (impetigo),L01,False,,False,0.43842758186613606,0.06157241813386394,0.2974559686888454,30.150910364145656,L91 (hypertrophic disorders of skin),136,1,0.48140900195694714,,,0,0,,42,39,0.6053467272079565,0.4452493442774502,0.456088956454723
M47 (spondylosis),M47,False,,False,0.4982413952084566,0.0017586047915433833,0.0136986301369863,8.407224798633147,G55 (nerve root and plexus compressions in diseases classified elsewhere),187,11,0.08414872798434442,8.407224798633147,G55 (nerve root and plexus compressions in diseases classified elsewhere),187,11,0.47368421052631576,1205,1230,0.6047227098052916,0.5294856042188016,0.569463103309782
B02 (zoster [herpes zoster]),B02,False,,False,0.4980492380023843,0.0019507619976156798,0.015655577299412915,8.014425985387872,B86 (scabies),58,2,0.07632093933463796,4.142929653765567,H81 (disorders of vestibular function),561,10,0.14958448753462603,741,806,0.6046541111601289,0.5784581467631508,0.5622868159540699
K64 (haemorrhoids and perianal venous thrombosis),K64,False,,False,0.4810787995476376,0.018921200452362397,0.10176125244618395,7.17292794668888,I84 (haemorrhoids),686,44,0.05283757338551859,7.17292794668888,I84 (haemorrhoids),686,44,0.39335180055401664,1540,1546,0.6044991273580499,0.5239968656144429,0.5672639649724223
K62 (other diseases of anus and rectum),K62,False,,False,0.5006961484505299,0.0006961484505298987,0.005870841487279843,5.210444542038744,K64 (haemorrhoids and perianal venous thrombosis),1485,62,0.023483365949119372,5.210444542038744,K64 (haemorrhoids and perianal venous thrombosis),1485,62,0.23545706371191136,1380,1417,0.6042106328167907,0.5334283942302267,0.5720847942858849
A08 (viral and other specified intestinal infections),A08,False,,False,0.5580836688693789,0.05808366886937888,0.27788649706457924,22.84111405835544,M94 (other disorders of cartilage),65,2,0.3679060665362035,5.684044463220151,M10 (gout),653,5,0.296398891966759,232,255,0.6040897384386105,0.549840373178773,0.5286295482587745
K90 (intestinal malabsorption),K90,False,,False,0.5293002557571119,0.029300255757111926,0.15264187866927592,19.046892280468924,N97 (female infertility),66,1,0.3111545988258317,6.459061736729345,K29 (gastritis and duodenitis),1557,8,0.3601108033240997,137,133,0.602796215736411,0.5190402056713987,0.5519700312082465
"B08 (other viral infections characterised by skin and mucous membrane lesions, not elsewhere classified)",B08,True,underperforms_age_sex,False,0.2885054305348872,0.2114945694651128,0.8180039138943248,58.16345829111786,H18 (other disorders of cornea),141,1,0.735812133072407,,,0,0,,21,27,0.6027183099106375,0.6701911980891156,0.4552507928153054
K13 (other diseases of lip and oral mucosa),K13,False,,False,0.5246288650934985,0.024628865093498487,0.12720156555772993,20.478240190249704,A49 (bacterial infection of unspecified site),58,2,0.33268101761252444,4.767296741537488,C44 Other malignant neoplasms of skin,872,7,0.1994459833795014,290,298,0.6010155366657304,0.5437476132003514,0.54591023026524
"J15 (bacterial pneumonia, not elsewhere classified)",J15,False,,False,0.5142903929890603,0.014290392989060319,0.060665362035225046,127.38313609467457,J69 (pneumonitis due to solids and liquids),52,1,0.9295499021526419,,,0,0,,26,29,0.6003460467373294,0.4954986498251649,0.5423991332616256
K10 (other diseases of jaws),K10,False,,False,0.5007704874924768,0.000770487492476768,0.009784735812133072,50.40152180275095,G99 (other disorders of nervous system in diseases classified elsewhere),51,1,0.6947162426614482,,,0,0,,67,78,0.5998641949719754,0.4936193376353769,0.5124589443107811
I80 (phlebitis and thrombophlebitis),I80,False,,False,0.46556530499839566,0.03443469500160434,0.1643835616438356,11.105006931682624,I26 (pulmonary embolism),343,14,0.15851272015655576,11.105006931682624,I26 (pulmonary embolism),343,14,0.6038781163434903,633,642,0.5990923845045315,0.541414410587174,0.6023037228719329
K46 (unspecified abdominal hernia),K46,False,,False,0.5074502620506682,0.007450262050668233,0.03913894324853229,35.18324821246169,K41 (femoral hernia),55,1,0.5401174168297456,15.700435307792237,K40 (inguinal hernia),986,8,0.7174515235457064,89,98,0.5984934012633523,0.5771034813897682,0.5197673783246441
H90 (conductive and sensorineural hearing loss),H90,False,,False,0.4946220374933349,0.005377962506665113,0.03522504892367906,13.499893618212562,"H93 (other disorders of ear, not elsewhere classified)",578,14,0.2035225048923679,13.499893618212562,"H93 (other disorders of ear, not elsewhere classified)",578,14,0.6786703601108033,309,354,0.5983718293989445,0.5239609723037457,0.565306591963656
B99 (other and unspecified infectious diseases),B99,False,,False,0.5722394135967324,0.07223941359673236,0.3424657534246575,81.54450757575758,F00 (dementia in alzheimer's disease),66,1,0.8297455968688845,,,0,0,,32,36,0.598305956150061,0.4954386413072927,0.5694973409813985
M50 (cervical disk disorders),M50,False,,False,0.4721818295255411,0.027818170474458892,0.14481409001956946,54.466160657811514,G99 (other disorders of nervous system in diseases classified elsewhere),51,2,0.7103718199608611,3.7307021018493307,M54 (dorsalgia),2606,7,0.11080332409972299,124,131,0.5982026975655166,0.4908001762542026,0.5801949748928221
"D47 Other neoplasms of uncertain or unknown behaviour of lymphoid, haematopoietic and related tissue",D47,False,,False,0.5590064680982348,0.05900646809823484,0.2837573385518591,120.60364145658262,D72 (other disorders of white blood cells),68,1,0.9197651663405088,,,0,0,,21,28,0.5980052895923249,0.5916294565105609,0.5743238311974814
H72 (perforation of tympanic membrane),H72,False,,False,0.40349210177796535,0.09650789822203465,0.44227005870841485,141.74650205761316,H16 (keratitis),54,2,0.9569471624266145,,,0,0,,45,65,0.5973546483711103,0.4814544877936568,0.569406354757805
M21 (other acquired deformities of limbs),M21,False,,False,0.5665891147292792,0.0665891147292792,0.324853228962818,15.829227941176471,"G31 (other degenerative diseases of nervous system, not elsewhere classified)",64,1,0.23874755381604695,6.457248791868022,M17 (gonarthrosis [arthrosis of knee]),1412,9,0.3573407202216066,170,168,0.5968298224688685,0.536320376377287,0.544969973179148
N10 (acute tubulo-interstitial nephritis),N10,False,,False,0.46509564192926456,0.03490435807073544,0.17025440313111545,75.93562610229276,"N12 (tubulo-interstitial nephritis, not specified as acute or chronic)",54,1,0.8180039138943248,,,0,0,,42,39,0.5965579832313073,0.5217318488897265,0.6588012711467638
B49 (unspecified mycosis),B49,False,,False,0.6275395383308467,0.12753953833084675,0.5675146771037182,124.25829725829726,J10 (influenza due to identified influenza virus),66,1,0.9256360078277887,,,0,0,,21,21,0.5961416350075288,0.5899776057039248,0.4951721369731459
K04 (diseases of pulp and periapical tissues),K04,False,,False,0.39661107114181166,0.10338892885818834,0.48336594911937375,26.48550557477893,G99 (other disorders of nervous system in diseases classified elsewhere),51,2,0.41682974559686886,2.409614039295637,K21 (gastro-oesophageal reflux disease),1962,7,0.019390581717451522,255,261,0.5960399790106051,0.600948618814027,0.5508381313754457
E23 (hypofunction and other disorders of pituitary gland),E23,False,,False,0.4083542130603003,0.09164578693969971,0.4187866927592955,107.63874999999999,L53 (other erythematous conditions),50,1,0.8943248532289628,,,0,0,,32,35,0.5956555239007559,0.60418365865897,0.6001797273816781
L03 (cellulitis),L03,False,,False,0.514314446157591,0.014314446157591032,0.06262230919765166,7.45511055702734,L89 (decubitus ulcer),93,5,0.06262230919765166,7.45511055702734,L89 (decubitus ulcer),93,5,0.41274238227146814,1242,1232,0.5950856830193332,0.5494227227057704,0.5672697578966215
I87 (other disorders of veins),I87,False,,False,0.5520855117867485,0.05208551178674847,0.2465753424657534,42.52395061728395,K05 (gingivitis and periodontal diseases),50,1,0.6281800391389433,,,0,0,,81,79,0.5933190820059484,0.5025800729336096,0.6017208033091149
L24 (irritant contact dermatitis),L24,False,,False,0.63262030340228,0.13262030340228004,0.5870841487279843,63.31691176470588,"L97 (ulcer of lower limb, not elsewhere classified)",80,1,0.7671232876712328,,,0,0,,34,37,0.5920210777011924,0.5330167577515801,0.5401917247333317
L72 (follicular cysts of skin and subcutaneous tissue),L72,False,,False,0.4349201227269663,0.06507987727303371,0.31702544031311153,11.791181706148159,O70 (perineal laceration during delivery),67,2,0.1780821917808219,7.596242060691603,L08 (other local infections of skin and subcutaneous tissue),572,11,0.43213296398891965,436,434,0.5920195614002484,0.5498462855849233,0.5587946240688869
K52 (other non-infective gastro-enteritis and colitis),K52,False,,False,0.47430215811130017,0.025697841888699835,0.13307240704500978,18.155386885937173,K51 (ulcerative colitis),153,10,0.29158512720156554,18.155386885937173,K51 (ulcerative colitis),153,10,0.7700831024930748,620,686,0.591098820080799,0.559283841263249,0.563525598307837
M40 (kyphosis and lordosis),M40,False,,False,0.5638560034861221,0.06385600348612208,0.3111545988258317,58.18310810810811,D05 Carcinoma in situ of breast,80,1,0.7377690802348337,,,0,0,,37,34,0.5902473787489986,0.535184459162716,0.5401096140881954
J35 (chronic diseases of tonsils and adenoids),J35,False,,False,0.3699937925703706,0.13000620742962937,0.5733855185909981,22.78068783068783,N90 (other noninflammatory disorders of vulva and perineum),180,1,0.3639921722113503,,,0,0,,42,46,0.5899048614852089,0.6060748496358088,0.5238241351124431
E66 (obesity),E66,False,,False,0.49009338204551206,0.00990661795448794,0.04500978473581213,7.59981760414215,M11 (other crystal arthropathies),56,3,0.0684931506849315,2.9493401651556512,G47 (sleep disorders),481,10,0.04155124653739612,1214,1174,0.5888624266723212,0.5340442053603323,0.5608883673949605
D75 (other diseases of blood and blood-forming organs),D75,False,,False,0.5738841483774322,0.07388414837743218,0.3522504892367906,29.43965811965812,M94 (other disorders of cartilage),65,1,0.4657534246575342,,,0,0,,90,89,0.5882876077186041,0.5746375578882583,0.47574038993412
N62 (hypertrophy of breast),N62,False,,False,0.4725026129369411,0.027497387063058876,0.13894324853228962,33.72141290726817,N64 (other disorders of breast),336,5,0.5264187866927593,33.72141290726817,N64 (other disorders of breast),336,5,0.9058171745152355,76,60,0.5880247648356753,0.5236412727906166,0.5511511438857275
N36 (other disorders of urethra),N36,False,,False,0.5773666305229506,0.07736663052295056,0.36203522504892366,27.228774703557313,"N47 (redundant prepuce, phimosis and paraphimosis)",115,1,0.4324853228962818,,,0,0,,55,73,0.5877949848664927,0.5384170897862568,0.5556483034793027
G56 (mononeuropathies of upper limb),G56,False,,False,0.4276943798434662,0.0723056201565338,0.34442270058708413,8.746895553467585,N36 (other disorders of urethra),53,2,0.09784735812133072,5.232341583902731,M23 (internal derangement of knee),443,10,0.23822714681440443,743,799,0.5875691617980585,0.5779343211151611,0.5408752305314202
K70 (alcoholic liver disease),K70,False,,False,0.536075306584485,0.03607530658448499,0.1780821917808219,62.67176128093158,F10 (mental and behavioural disorders due to use of alcohol),229,3,0.7573385518590998,,,0,0,,36,31,0.586807096028836,0.608911723631899,0.5967151080422023
M66 (spontaneous rupture of synovium and tendon),M66,False,,False,0.5642860996067057,0.06428609960670573,0.3150684931506849,43.666835699797154,G54 (nerve root and plexus disorders),58,1,0.639921722113503,5.448289887559203,"M25 (other joint disorders, not elsewhere classified)",3254,7,0.2659279778393352,68,83,0.5855783978437138,0.5428316866833175,0.4880256229363524
K07 (dentofacial anomalies [including malocclusion]),K07,False,,False,0.4541837146643214,0.04581628533567861,0.22309197651663404,36.03724628583386,B06 (rubella [german measles]),59,1,0.5557729941291585,2.9579820963608756,"M79 (other soft tissue disorders, not elsewhere classified)",3594,5,0.0443213296398892,81,81,0.5849253580357323,0.5693869546137368,0.5028104147949986
L71 (rosacea),L71,False,,False,0.44414633302614936,0.055853666973850635,0.26418786692759294,14.975826086956522,L53 (other erythematous conditions),50,1,0.22700587084148727,3.1356419780059714,N40 (hyperplasia of prostate),1194,5,0.055401662049861494,230,210,0.584848262196725,0.5693666060601029,0.5347907413095998
G50 (disorders of trigeminal nerve),G50,False,,False,0.45242908469652654,0.04757091530347346,0.2309197651663405,29.190169491525424,L53 (other erythematous conditions),50,1,0.461839530332681,,,0,0,,118,108,0.5847859343498878,0.5662132871435197,0.5368633573575434
J39 (other diseases of upper respiratory tract),J39,False,,False,0.5450717524851356,0.04507175248513562,0.2191780821917808,65.23560606060606,E27 (other disorders of adrenal gland),55,1,0.7788649706457925,,,0,0,,48,56,0.5830108712241864,0.541274631542974,0.5616929633998249
F31 (bipolar affective disorder),F31,False,,False,0.3978358042558039,0.1021641957441961,0.4735812133072407,140.0178861788618,F33 (recurrent depressive disorder),82,2,0.9510763209393346,,,0,0,,30,37,0.5827604338371104,0.5429680506374479,0.5305497842378877
A04 (other bacterial intestinal infections),A04,False,,False,0.482199982698133,0.017800017301866977,0.09001956947162426,11.48223214880992,N36 (other disorders of urethra),53,1,0.17221135029354206,6.743028297916075,A09 (diarrhoea and gastro-enteritis of presumed infectious origin),722,8,0.38227146814404434,283,282,0.5826803589749807,0.534535027580314,0.5315448785937557
H53 (visual disturbances),H53,False,,False,0.5879682643583646,0.08796826435836458,0.40313111545988256,8.840965092402465,K07 (dentofacial anomalies [including malocclusion]),80,2,0.10567514677103718,6.2869085101528634,G45 (transient cerebral ischaemic attacks and related syndromes),450,8,0.34349030470914127,487,449,0.5787504488373159,0.5750017766848374,0.544182493548881
L28 (lichen simplex chronicus and prurigo),L28,False,,False,0.5418544608057904,0.04185446080579036,0.2054794520547945,38.56291983878191,D86 (sarcoidosis),58,1,0.5831702544031311,5.3610962383733245,"L98 (other disorders of skin and subcutaneous tissue, not elsewhere classified)",2086,5,0.2548476454293629,77,81,0.5775437533906902,0.5097495941925934,0.5743780935622932
G47 (sleep disorders),G47,False,,False,0.4449749982497412,0.05502500175025882,0.2602739726027397,9.100718664130204,D51 (vitamin b12 deficiency anaemia),114,3,0.1095890410958904,2.4951465312911094,"M70 (soft tissue disorders related to use, overuse and pressure)",693,5,0.024930747922437674,498,519,0.5758321940805882,0.5905562933322268,0.502269671464782
H40 (glaucoma),H40,False,,False,0.5358406057988795,0.03584060579887949,0.17416829745596868,7.566456148058653,H34 (retinal vascular occlusions),139,4,0.06457925636007827,3.280820780775877,H81 (disorders of vestibular function),561,7,0.0664819944598338,655,649,0.5753000226172322,0.5474632129726045,0.5475914308547365
H15 (disorders of sclera),H15,True,underperforms_age_sex,False,0.3591302160284846,0.1408697839715154,0.6183953033268101,41.181731229077,M41 (scoliosis),123,1,0.6144814090019569,,,0,0,,34,52,0.5752106219662309,0.6433357682392392,0.5102784144809831
Q61 (cystic kidney disease),Q61,False,,False,0.3505831301520957,0.1494168698479043,0.6614481409001957,88.31897435897437,I07 (rheumatic tricuspid valve diseases),65,1,0.8473581213307241,,,0,0,,30,20,0.57439103680483,0.5779991001973761,0.5722304946011842
K14 (diseases of tongue),K14,False,,False,0.5237689343325781,0.023768934332578096,0.12524461839530332,26.49569230769231,D03 Melanoma in situ,50,1,0.4187866927592955,,,0,0,,130,150,0.5714610468831697,0.5350184937740855,0.4656301245182905
H02 (other disorders of eyelid),H02,False,,False,0.540504718117529,0.04050471811752898,0.19960861056751467,7.863300155236964,H18 (other disorders of cornea),141,3,0.07045009784735812,7.362053930201939,H01 (other inflammation of eyelid),251,5,0.40443213296398894,466,484,0.5685265536445397,0.5233066945727867,0.5506795586308497
F40 (phobic anxiety disorders),F40,False,,False,0.4717540933305891,0.028245906669410903,0.14677103718199608,22.453976531942637,K10 (other diseases of jaws),65,1,0.3542074363992172,6.147887424499878,H25 (senile cataract),1187,5,0.3379501385041551,118,115,0.5682944697894714,0.5490662774209272,0.5617234730585801
D07 Carcinoma in situ of other and unspecified genital organs,D07,True,underperforms_age_sex,False,0.4059497616960507,0.09405023830394932,0.42661448140900193,133.2987616099071,D72 (other disorders of white blood cells),68,1,0.9373776908023483,,,0,0,,19,21,0.5678882214738106,0.6877306016770428,0.6156732705098829
C91 Lymphoid leukaemia,C91,False,,False,0.3693987573168605,0.1306012426831395,0.5772994129158513,58.340785907859086,H69 (other disorders of eustachian tube),123,1,0.7416829745596869,,,0,0,,24,23,0.5658644275451923,0.5191735755800673,0.5097152611454422
G24 (dystonia),G24,False,,False,0.5160896449618254,0.01608964496182541,0.07436399217221135,23.919722222222223,I08 (multiple valve diseases),200,1,0.3816046966731898,,,0,0,,36,45,0.5650748492853757,0.5613826716082355,0.6064937762682124
I78 (diseases of capillaries),I78,False,,False,0.5255152774026292,0.025515277402629155,0.13111545988258316,37.96781305114638,K01 (embedded and impacted teeth),54,1,0.5733855185909981,,,0,0,,84,109,0.5643426348212912,0.498850246972833,0.5693238943851373
G93 (other disorders of brain),G93,False,,False,0.5186990096134297,0.01869900961342974,0.09980430528375733,29.65510116229014,I89 (other non-infective disorders of lymphatic vessels and lymph nodes),101,2,0.46966731898238745,,,0,0,,115,125,0.5632859690395283,0.5419182713252593,0.5505772356306817
L27 (dermatitis due to substances taken internally),L27,False,,False,0.557141924059452,0.057141924059451954,0.2720156555772994,53.601618425147834,I27 (other pulmonary heart diseases),63,1,0.7064579256360078,,,0,0,,51,40,0.5632673885276358,0.5153913870181143,0.5742041627960984
G54 (nerve root and plexus disorders),G54,False,,False,0.5168958052742415,0.016895805274241504,0.08023483365949119,58.22244759972955,G99 (other disorders of nervous system in diseases classified elsewhere),51,1,0.7397260273972602,5.697131288538387,M54 (dorsalgia),2606,5,0.29916897506925205,58,61,0.5622903034536944,0.5106183900997576,0.6247302924155187
H47 (other disorders of optic [2nd] nerve and visual pathways),H47,False,,False,0.566045854169047,0.06604585416904696,0.32289628180039137,43.666835699797154,B86 (scabies),58,1,0.639921722113503,,,0,0,,68,59,0.5606897089953105,0.4921035634249607,0.5229966148146857
D51 (vitamin b12 deficiency anaemia),D51,False,,False,0.537161000108241,0.03716100010824097,0.18199608610567514,26.763325563325562,E27 (other disorders of adrenal gland),55,1,0.4246575342465753,7.731002657473247,D64 (other anaemias),952,5,0.4376731301939058,117,131,0.560222839091238,0.5337021200212722,0.5254192855035618
G95 (other diseases of spinal cord),G95,False,,False,0.5229696366038576,0.022969636603857646,0.1232876712328767,43.490404040404044,H47 (other disorders of optic [2nd] nerve and visual pathways),66,1,0.6340508806262231,,,0,0,,60,68,0.5584483078995657,0.49943652727623,0.5361275807793676
F34 (persistent mood [affective] disorders),F34,False,,False,0.32765835068248944,0.17234164931751056,0.7299412915851272,146.8218243819267,G99 (other disorders of nervous system in diseases classified elsewhere),51,1,0.9628180039138943,,,0,0,,23,26,0.5579088930389916,0.5379786871087509,0.4562404936895515
"J38 (diseases of vocal cords and larynx, not elsewhere classified)",J38,False,,False,0.5607810984543478,0.06078109845434776,0.29549902152641877,27.55552,K05 (gingivitis and periodontal diseases),50,1,0.436399217221135,,,0,0,,125,114,0.557637737834008,0.5574973949050803,0.5397693240163359
"Q38 (other congenital malformations of tongue, mouth and pharynx)",Q38,False,,False,0.5874311909613403,0.08743119096134033,0.39921722113502933,75.00958188153311,D75 (other diseases of blood and blood-forming organs),82,1,0.8160469667318982,,,0,0,,28,21,0.5525538924084138,0.5254792133329684,0.4970595219435628
L56 (other acute skin changes due to ultraviolet radiation),L56,False,,False,0.5359478679864155,0.03594786798641547,0.1761252446183953,102.39120095124852,B86 (scabies),58,1,0.8845401174168297,,,0,0,,29,25,0.5522635627412847,0.5542823140112043,0.5137972192389191
K05 (gingivitis and periodontal diseases),K05,False,,False,0.3966924573220299,0.1033075426779701,0.48140900195694714,63.78592592592593,K01 (embedded and impacted teeth),54,1,0.7710371819960861,,,0,0,,50,60,0.5485330294584446,0.520029371346727,0.5275195970270584
C82 Follicular [nodular] non-Hodgkin's lymphoma,C82,False,,False,0.3279256894049347,0.17207431059506528,0.7279843444227005,77.99909420289855,K08 (other disorders of teeth and supporting structures),138,1,0.821917808219178,,,0,0,,16,30,0.5483590711175617,0.5228383164005805,0.4616056119980648
N02 (recurrent and persistent haematuria),N02,False,,False,0.5521494723232206,0.05214947232322065,0.24853228962818003,39.98653355003483,N19 (unspecified renal failure),73,1,0.598825831702544,,,0,0,,59,53,0.5481962101136597,0.5645204316243011,0.61368673046794
H73 (other disorders of tympanic membrane),H73,True,underperforms_age_sex,False,0.362832184848907,0.137167815151093,0.6125244618395304,92.79202586206895,G50 (disorders of trigeminal nerve),116,1,0.8571428571428571,,,0,0,,16,24,0.5457932766734782,0.5977544565452969,0.5955310216576878
H05 (disorders of orbit),H05,False,,False,0.5075311831702809,0.007531183170280897,0.0410958904109589,69.33252818035427,H16 (keratitis),54,1,0.7925636007827789,,,0,0,,46,45,0.5444870864419736,0.4851643910290527,0.5895862565035498
K08 (other disorders of teeth and supporting structures),K08,False,,False,0.5560968110507034,0.05609681105070341,0.26614481409001955,35.192234993614306,K02 (dental caries),135,4,0.5420743639921722,3.6703891564724436,I25 (chronic ischaemic heart disease),1618,5,0.10249307479224377,145,139,0.5430443104634108,0.5329752893301163,0.5031269330449746
B80 (enterobiasis),B80,True,both,False,0.45325998905015935,0.04674001094984065,0.22700587084148727,130.47121212121212,N97 (female infertility),66,1,0.9354207436399217,,,0,0,,20,26,0.5391781680184271,0.5835153096813204,0.4487132597568349
L92 (granulomatous disorders of skin and subcutaneous tissue),L92,True,low_auc,False,0.42953224466904166,0.07046775533095834,0.33268101761252444,36.70545609548167,M22 (disorders of patella),69,1,0.5596868884540117,,,0,0,,68,54,0.539163603293003,0.4832980545372983,0.4803574738790676
H16 (keratitis),H16,True,low_auc,False,0.5173423868713101,0.017342386871310067,0.0821917808219178,47.892658509454954,H50 (other strabismus),62,1,0.6594911937377691,,,0,0,,58,61,0.5382213972887552,0.5224277437829588,0.528563136205055
N03 (chronic nephritic syndrome),N03,True,both,False,0.5488661577312705,0.048866157731270454,0.23874755381604695,139.33818770226537,I77 (other disorders of arteries and arterioles),103,1,0.949119373776908,,,0,0,,12,25,0.5298296130736408,0.5993163623697425,0.4557753330817684
G51 (facial nerve disorders),G51,True,low_auc,False,0.4328420495690317,0.06715795043096828,0.3268101761252446,31.31309090909091,K74 (fibrosis and cirrhosis of liver),50,1,0.49510763209393344,2.681680637375756,Male,3503,6,0.0332409972299169,110,83,0.5286536833583222,0.5309293411559791,0.538358594747638
D68 (other coagulation defects),D68,True,low_auc,False,0.4393803362969812,0.0606196637030188,0.29354207436399216,59.38689655172414,L53 (other erythematous conditions),50,1,0.7475538160469667,,,0,0,,58,65,0.5195574851650107,0.4583922601220745,0.5678178663075449
C83 Diffuse non-Hodgkin's lymphoma,C83,True,both,False,0.5283778631863325,0.028377863186332508,0.1487279843444227,97.46576117713639,N02 (recurrent and persistent haematuria),57,1,0.87279843444227,,,0,0,,31,36,0.5180370740216076,0.5782563140402892,0.5368120386067311
"C64 Malignant neoplasm of kidney, except renal pelvis",C64,True,low_auc,False,0.44975175330225664,0.05024824669774336,0.24266144814090018,88.59156378600822,H16 (keratitis),54,1,0.8493150684931506,,,0,0,,36,46,0.5165959758488325,0.4997218773650206,0.5847499685715744
G83 (other paralytic syndromes),G83,True,low_auc,False,0.5183965700414331,0.018396570041433136,0.09784735812133072,63.83320978502594,F01 (vascular dementia),71,1,0.7729941291585127,,,0,0,,38,29,0.5138217504968191,0.3222088295768865,0.5539851728001579
"K09 (cysts of oral region, not elsewhere classified)",K09,True,both,False,0.4376782065147077,0.06232179348529232,0.3013698630136986,141.28137817883513,N36 (other disorders of urethra),53,1,0.9549902152641878,,,0,0,,23,28,0.5091161081272952,0.5734336279736333,0.5144206287465872
H49 (paralytic strabismus),H49,True,low_auc,False,0.5521934491574985,0.05219344915749846,0.25048923679060664,63.20073394495414,G51 (facial nerve disorders),109,1,0.7651663405088063,,,0,0,,25,44,0.5026096592624496,0.505094027961634,0.5227045765957491
K11 (diseases of salivary glands),K11,True,low_auc,False,0.45770901080301585,0.04229098919698415,0.20743639921722112,24.52955419455918,H68 (eustachian salpingitis and obstruction),59,1,0.3933463796477495,2.526360569165322,I10 (essential (primary) hypertension),4010,7,0.027700831024930747,119,133,0.5023013641383864,0.5095078733855325,0.5755276647415037
K06 (other disorders of gingiva and edentulous alveolar ridge),K06,True,both,False,0.5795731988541402,0.07957319885414016,0.3698630136986301,70.0089430894309,G20 (parkinson's disease),123,1,0.7964774951076321,,,0,0,,20,27,0.4821579197352043,0.5663073975382034,0.512547972609626
K02 (dental caries),K02,True,both,False,0.4723170944874072,0.02768290551259278,0.14285714285714285,24.603142857142856,K74 (fibrosis and cirrhosis of liver),50,1,0.39921722113502933,2.206955764006356,J22 (unspecified acute lower respiratory infection),2787,5,0.013850415512465374,140,132,0.4818238455493898,0.5125246132468115,0.5171580690610826
L51 (erythema multiforme),L51,True,both,False,0.4746150522510538,0.025384947748946174,0.12915851272015655,93.80283224400871,L70 (acne),102,1,0.8649706457925636,,,0,0,,18,21,0.3804073821286274,0.5338583456417647,0.4641261400676002
